PersonNr,Vorname,Nachname,GebDat,Geschlecht,Art,HauptwohnsitzBundesland
1,Shurwood,Vasenin,1980-08-01,1,StudentIn,Oberoesterreich
2,Roselle,Lanchester,1974-07-24,1,Beides,Vorarlberg
3,Weylin,Reay,1959-12-31,1,StudentIn,Wien
4,Hillel,Iacomelli,1984-12-29,0,StudentIn,Tirol
5,Ronny,Simeoli,1980-05-06,1,Beides,Salzburg
6,Sammy,Wem,1987-04-10,1,Lehrpersonal,Tirol
7,Marion,Geoghegan,1972-10-09,1,Lehrpersonal,Tirol
8,Phil,Peaple,1954-10-17,1,Lehrpersonal,Burgenland
9,Wyn,Troucher,1977-01-03,1,Lehrpersonal,Steiermark
10,Cosmo,Roscamps,1984-03-15,0,StudentIn,Kaernten
11,Benoit,Shimuk,1967-02-13,1,Beides,Vorarlberg
12,Dorita,Hawksley,1959-01-30,1,Lehrpersonal,Salzburg
13,Lothaire,Knee,1963-12-11,1,StudentIn,Oberoesterreich
14,Alma,Bennitt,1984-12-06,0,Lehrpersonal,Niederoesterreich
15,Fidela,Gallafant,1992-03-29,1,Beides,Burgenland
16,Irene,Baggallay,1963-05-05,0,StudentIn,Salzburg
17,Alasdair,Ruhben,1972-06-21,1,StudentIn,Salzburg
18,Iris,Ianetti,1990-12-01,1,Beides,Tirol
19,Billye,Kegg,1988-04-21,1,StudentIn,Steiermark
20,Grove,Hinkens,1979-07-05,0,StudentIn,Niederoesterreich
21,Vittorio,Creak,1985-02-05,0,Lehrpersonal,Tirol
22,Kylen,Loalday,1964-11-11,0,Beides,Steiermark
23,Alexis,Stebles,1977-07-13,1,Lehrpersonal,Burgenland
24,Matthaeus,Siddell,1980-05-03,1,StudentIn,Kaernten
25,Raina,Creaven,1980-10-08,0,Lehrpersonal,Wien
26,Kent,Hagan,1961-10-19,0,Lehrpersonal,Oberoesterreich
27,Joseph,Monier,1997-05-13,0,StudentIn,Tirol
28,Horton,Willerstone,1986-09-03,1,Beides,Oberoesterreich
29,Devlen,Wrigley,1973-07-03,1,Beides,Salzburg
30,Natalie,Kyne,1981-03-14,1,StudentIn,Niederoesterreich
31,Constantino,Seagrave,1982-01-14,1,StudentIn,Tirol
32,Aksel,Divver,1973-04-02,1,Beides,Burgenland
33,Siegfried,Riggert,1963-10-04,0,StudentIn,Oberoesterreich
34,Aldrich,Wolfendell,1961-11-09,0,Lehrpersonal,Oberoesterreich
35,Lucy,Whaley,1957-06-12,0,Lehrpersonal,Tirol
36,Timmi,Oakeby,1965-12-21,1,Lehrpersonal,Oberoesterreich
37,Dory,Suggett,1975-09-25,1,StudentIn,Steiermark
38,Nichole,Graalmans,1957-10-10,1,StudentIn,Steiermark
39,Jessie,McKnish,1989-12-15,0,Beides,Oberoesterreich
40,Mitch,Filinkov,1972-07-19,0,Beides,Burgenland
41,Sashenka,Grason,1984-07-23,0,Beides,Vorarlberg
42,Dyna,Mitkov,1991-04-20,0,Beides,Oberoesterreich
43,Boyce,Cliff,1984-12-11,0,StudentIn,Kaernten
44,Lew,McLaughlan,1983-12-26,0,Lehrpersonal,Niederoesterreich
45,Danit,Fullerd,1988-06-13,1,StudentIn,Oberoesterreich
46,Marian,Edison,1982-11-10,0,Lehrpersonal,Burgenland
47,Theadora,Cleynaert,1976-11-01,1,Lehrpersonal,Kaernten
48,Queenie,Pally,1977-01-25,1,StudentIn,Oberoesterreich
49,Wit,Flintuff,1987-05-04,0,StudentIn,Vorarlberg
50,Chase,Chasmer,1976-08-17,1,Lehrpersonal,Kaernten
51,Elva,Culy,1986-06-16,1,Lehrpersonal,Vorarlberg
52,Ayn,Gennerich,1972-09-10,1,Lehrpersonal,Salzburg
53,Barnaby,Tumbelty,1975-02-09,1,StudentIn,Steiermark
54,Lelia,Faulkener,1958-08-10,1,StudentIn,Vorarlberg
55,Faye,Scroggins,1962-07-29,0,Lehrpersonal,Steiermark
56,Anette,Petran,1981-10-21,0,StudentIn,Wien
57,Cullan,Drewitt,1962-02-02,0,Beides,Tirol
58,Nanni,Dibb,1966-01-31,0,Lehrpersonal,Salzburg
59,Marten,Talboy,1984-08-04,0,Beides,Wien
60,Brunhilda,Roby,1956-07-22,1,Beides,Kaernten
61,Vern,Rustman,1977-11-01,0,Beides,Kaernten
62,Bernette,McOnie,1959-12-20,1,Beides,Tirol
63,Nolan,Peschmann,1993-03-16,1,StudentIn,Steiermark
64,Alister,Pucknell,1989-05-24,0,Lehrpersonal,Steiermark
65,Emera,Loffel,1963-01-01,1,StudentIn,Niederoesterreich
66,Kit,Ketchaside,1955-09-21,1,StudentIn,Niederoesterreich
67,Alvie,Kunes,1973-01-14,1,Beides,Tirol
68,Margaretta,Connolly,1968-11-21,1,Lehrpersonal,Wien
69,Talya,Coronado,1979-09-28,1,StudentIn,Salzburg
70,Elfie,Furtado,1987-06-06,1,Beides,Wien
71,Odelinda,Felton,1974-07-17,1,Beides,Niederoesterreich
72,Nikola,Niccolls,1993-01-21,1,Lehrpersonal,Wien
73,Ingaborg,Mitchelmore,1959-07-25,1,StudentIn,Salzburg
74,Francklin,Huxter,1976-10-30,0,StudentIn,Kaernten
75,Vivyan,Losty,1957-12-07,0,Lehrpersonal,Vorarlberg
76,Linell,Tryme,1980-06-23,1,StudentIn,Vorarlberg
77,Lorrin,Gerrard,1989-11-13,1,StudentIn,Kaernten
78,Tierney,Sneath,1959-05-29,0,StudentIn,Burgenland
79,Chelsy,Spileman,1987-04-29,1,StudentIn,Wien
80,Malcolm,Enright,1975-04-29,0,Beides,Salzburg
81,Nerta,Le Jean,1975-08-07,1,Lehrpersonal,Wien
82,Palmer,Maddison,1957-12-31,0,StudentIn,Niederoesterreich
83,Charles,Hodgen,1993-09-07,0,StudentIn,Wien
84,Ranee,Shwalbe,1964-10-08,1,Lehrpersonal,Vorarlberg
85,Mattheus,Gidden,1969-12-13,0,StudentIn,Oberoesterreich
86,Klarika,Hancock,1971-05-03,1,Beides,Steiermark
87,Skipp,Dungey,1981-05-14,1,Lehrpersonal,Niederoesterreich
88,Myer,Ebbage,1994-02-15,1,Lehrpersonal,Vorarlberg
89,Doyle,Ward,1988-09-01,1,StudentIn,Oberoesterreich
90,Dorian,Eslemont,1972-04-14,0,StudentIn,Oberoesterreich
91,Pepillo,Baddoe,1962-03-17,1,Lehrpersonal,Tirol
92,Thomasin,Garrett,1977-10-03,0,StudentIn,Kaernten
93,Goldina,Follit,1986-10-11,0,Lehrpersonal,Tirol
94,Sergei,Sayre,1990-12-15,1,Beides,Burgenland
95,Robbie,Sandyfirth,1971-06-11,0,StudentIn,Oberoesterreich
96,Thornton,Nower,1961-03-01,0,Lehrpersonal,Burgenland
97,Jobyna,Reggio,1992-01-08,1,Beides,Niederoesterreich
98,Crin,Hawarden,1997-05-02,0,StudentIn,Tirol
99,Joycelin,Thor,1996-05-18,1,Lehrpersonal,Oberoesterreich
100,Yettie,Fullun,1967-10-28,1,Lehrpersonal,Salzburg
101,Inger,Monard,1974-07-19,1,Lehrpersonal,Oberoesterreich
102,Tommy,Ubach,1990-02-23,0,Lehrpersonal,Burgenland
103,Boy,Wedmore,1980-04-05,1,Lehrpersonal,Kaernten
104,Siouxie,Greiswood,1959-10-22,0,Lehrpersonal,Oberoesterreich
105,Amii,Lyptrade,1990-06-12,0,Lehrpersonal,Steiermark
106,Creight,Iannazzi,1992-11-18,1,Beides,Oberoesterreich
107,Garry,Castell,1992-12-21,1,StudentIn,Wien
108,Flynn,Abby,1957-08-13,0,Lehrpersonal,Oberoesterreich
109,Roselin,Huntingford,1980-07-27,1,Lehrpersonal,Vorarlberg
110,Mellie,Riddett,1985-09-07,0,Beides,Salzburg
111,Nicoline,Colafate,1963-05-11,0,Lehrpersonal,Kaernten
112,Adriena,Simonot,1988-01-04,0,StudentIn,Steiermark
113,Prentiss,O'Duane,1966-04-11,0,Beides,Tirol
114,Kyrstin,Stelle,1962-07-12,0,StudentIn,Vorarlberg
115,Gilbertina,Charpling,1992-04-30,1,StudentIn,Tirol
116,Ward,Pantling,1969-02-17,1,StudentIn,Tirol
117,Mathilda,Ceschi,1962-11-20,1,Beides,Salzburg
118,Pancho,Rostern,1972-03-30,1,Beides,Vorarlberg
119,Mareah,Bergin,1979-04-30,0,StudentIn,Oberoesterreich
120,Ker,Carsberg,1967-10-31,1,StudentIn,Steiermark
121,Izzy,Prue,1974-10-19,1,Beides,Oberoesterreich
122,Jeramie,Cornall,1992-06-12,0,Lehrpersonal,Vorarlberg
123,Maddi,Drynan,1979-07-30,0,Beides,Salzburg
124,Rebecca,Tumelty,1969-09-01,1,StudentIn,Wien
125,Arvy,Ilyunin,1969-03-22,0,Lehrpersonal,Burgenland
126,Sula,Adcock,1972-12-28,1,Beides,Oberoesterreich
127,Moshe,Spira,1964-06-24,1,StudentIn,Steiermark
128,Orlan,Wallicker,1997-05-08,1,StudentIn,Kaernten
129,Nap,Dunnet,1984-02-17,0,Beides,Wien
130,Sapphire,Gracewood,1959-02-25,1,Beides,Niederoesterreich
131,Jolee,Webling,1965-12-25,1,Lehrpersonal,Kaernten
132,Isadore,Bamling,1993-04-07,1,StudentIn,Vorarlberg
133,Cloris,Hamly,1960-02-10,1,Beides,Tirol
134,Ellynn,Margrem,1986-11-08,0,StudentIn,Tirol
135,Karlik,Ruddiman,1980-09-05,0,Lehrpersonal,Vorarlberg
136,Noelle,Martinon,1984-02-20,0,Beides,Oberoesterreich
137,Gayle,Tatton,1984-10-25,0,Lehrpersonal,Niederoesterreich
138,Cyrus,Haythorn,1956-08-08,1,Beides,Salzburg
139,Karlen,Breton,1966-03-27,1,Lehrpersonal,Vorarlberg
140,Diarmid,Barringer,1989-09-17,0,StudentIn,Tirol
141,Obidiah,Medendorp,1993-12-20,1,StudentIn,Oberoesterreich
142,Lilli,Soles,1965-01-12,0,StudentIn,Salzburg
143,Caressa,Udie,1955-03-19,1,StudentIn,Kaernten
144,Karlotte,Devigne,1985-05-05,1,Lehrpersonal,Salzburg
145,Elianore,Rearie,1990-09-24,0,StudentIn,Vorarlberg
146,Georgeanna,Chenery,1955-04-04,1,Beides,Burgenland
147,Colan,Tunnah,1982-04-24,0,Lehrpersonal,Niederoesterreich
148,Karyl,Matteuzzi,1980-03-08,1,Lehrpersonal,Wien
149,Maureen,Phillps,1979-07-22,1,Beides,Oberoesterreich
150,Burl,Oldershaw,1960-12-06,1,Beides,Burgenland
151,Andreana,Lambirth,1995-06-12,0,Beides,Oberoesterreich
152,Antonius,Keeler,1957-11-14,1,Beides,Burgenland
153,Stephine,Tweddell,1990-08-22,1,Lehrpersonal,Burgenland
154,Annabell,Audibert,1970-03-13,1,Beides,Salzburg
155,Oralla,Beaconsall,1984-01-06,1,Beides,Burgenland
156,Moises,Bainton,1977-01-04,1,Beides,Burgenland
157,Wilton,Savery,1954-10-09,1,Beides,Burgenland
158,Evangelin,Toy,1962-09-12,1,StudentIn,Wien
159,Selene,Cragg,1967-12-18,0,Lehrpersonal,Niederoesterreich
160,Felicle,Haddon,1956-01-12,0,StudentIn,Kaernten
161,Merilyn,Romanski,1956-09-12,1,Lehrpersonal,Kaernten
162,Sallie,Longfield,1990-02-23,0,Lehrpersonal,Burgenland
163,Geraldine,McRonald,1970-10-30,1,StudentIn,Burgenland
164,Adriena,Cutriss,1966-09-14,0,StudentIn,Tirol
165,Tansy,Suddards,1990-07-08,0,Lehrpersonal,Tirol
166,Dicky,Fulk,1968-07-18,1,Lehrpersonal,Salzburg
167,Bruno,de Glanville,1987-09-02,1,StudentIn,Vorarlberg
168,Glyn,Bendan,1980-06-02,0,Lehrpersonal,Burgenland
169,Phyllis,Verdie,1955-08-30,0,Beides,Salzburg
170,Way,Kewzick,1972-02-20,0,Beides,Tirol
171,Mackenzie,Baack,1962-12-28,1,Lehrpersonal,Salzburg
172,Barbabas,Bastock,1965-12-14,0,StudentIn,Niederoesterreich
173,Seline,Woodier,1974-08-06,0,StudentIn,Vorarlberg
174,Blair,Pestell,1957-11-06,1,Beides,Burgenland
175,Clarinda,Kenaway,1987-02-03,1,Lehrpersonal,Vorarlberg
176,Silvanus,Logesdale,1956-10-04,0,StudentIn,Steiermark
177,Chaim,Traice,1986-08-20,1,StudentIn,Salzburg
178,Nye,Stonner,1976-12-17,1,Beides,Vorarlberg
179,Moyra,Dake,1955-12-25,0,Lehrpersonal,Tirol
180,Clareta,Chitter,1968-11-16,0,Beides,Wien
181,Coraline,Gillions,1962-08-21,0,Beides,Tirol
182,Jasmina,Alfwy,1986-08-04,0,Beides,Niederoesterreich
183,Lon,Thumnel,1988-03-21,0,Beides,Niederoesterreich
184,Rich,Chilles,1978-04-24,1,Beides,Niederoesterreich
185,Norry,Fassbindler,1981-05-10,0,Beides,Vorarlberg
186,Kacy,Yarwood,1959-11-01,0,Lehrpersonal,Niederoesterreich
187,Livvie,Pepys,1983-06-23,1,Beides,Burgenland
188,Nanni,Zukerman,1979-11-07,0,Beides,Salzburg
189,Elroy,Peasnone,1963-01-15,0,Lehrpersonal,Salzburg
190,Nanny,Henderson,1961-08-03,1,Beides,Vorarlberg
191,Fergus,Abdon,1991-11-14,0,Beides,Steiermark
192,Marita,Teague,1960-05-16,0,Beides,Tirol
193,Shoshanna,Mougin,1960-09-16,1,Lehrpersonal,Niederoesterreich
194,Daron,Chasemore,1979-06-20,1,Beides,Kaernten
195,Alisa,Vest,1979-12-10,1,Lehrpersonal,Tirol
196,Minnnie,Guilloneau,1976-04-08,0,Lehrpersonal,Tirol
197,Ethelred,Tulloch,1958-04-01,1,Lehrpersonal,Burgenland
198,Trudie,Scorrer,1982-01-03,1,Lehrpersonal,Salzburg
199,Oby,Chrichton,1992-03-11,1,StudentIn,Vorarlberg
200,Chrissie,Seegar,1954-10-08,1,Beides,Salzburg
201,Aileen,Bednell,1966-07-03,0,Lehrpersonal,Wien
202,Chelsey,Spellicy,1978-10-05,0,Lehrpersonal,Kaernten
203,Ailyn,Cardoo,1958-08-27,1,StudentIn,Oberoesterreich
204,Zeb,Battaille,1988-05-31,0,StudentIn,Oberoesterreich
205,Annadiane,Nutbeam,1961-04-28,0,Beides,Tirol
206,Elana,Deshorts,1956-09-04,0,Beides,Kaernten
207,Danni,Greste,1972-06-10,0,Beides,Kaernten
208,Ira,McGinny,1991-03-17,1,StudentIn,Kaernten
209,Ashlen,McPeeters,1957-03-29,1,Beides,Oberoesterreich
210,Berty,MacAllaster,1972-08-13,0,StudentIn,Salzburg
211,Shayla,Hunday,1955-04-26,0,StudentIn,Oberoesterreich
212,Gregory,Dimitrov,1970-10-02,1,StudentIn,Oberoesterreich
213,Stanton,Sisson,1963-09-12,0,Beides,Salzburg
214,Chantal,Yokley,1958-09-06,1,StudentIn,Vorarlberg
215,Tad,Lilburne,1988-08-15,0,Lehrpersonal,Steiermark
216,Bartlet,Scotting,1981-04-14,1,StudentIn,Niederoesterreich
217,Geoffrey,Audrey,1964-05-02,1,Beides,Oberoesterreich
218,Monty,McQuaide,1965-05-14,0,Lehrpersonal,Steiermark
219,Madelina,Lomb,1956-05-03,1,Beides,Oberoesterreich
220,Geri,Chapelhow,1990-07-25,0,StudentIn,Vorarlberg
221,Bernie,Caulliere,1988-04-10,0,StudentIn,Steiermark
222,Yasmeen,Foot,1987-10-25,0,StudentIn,Vorarlberg
223,Elenore,Woodstock,1964-02-01,0,Lehrpersonal,Niederoesterreich
224,Dasya,McCurrie,1969-05-01,1,StudentIn,Vorarlberg
225,Juliana,Fiddian,1959-05-18,0,Lehrpersonal,Burgenland
226,Luella,Fantham,1969-07-31,0,Beides,Oberoesterreich
227,Lancelot,Janous,1971-09-22,0,Beides,Burgenland
228,Janifer,Weedall,1995-12-24,1,Lehrpersonal,Vorarlberg
229,Lynelle,Olesen,1971-02-25,1,Lehrpersonal,Burgenland
230,Darin,Eilhart,1956-05-12,1,Beides,Tirol
231,Elmo,Prator,1986-09-20,1,StudentIn,Kaernten
232,Lion,Anetts,1969-11-03,1,Beides,Kaernten
233,Flemming,Francklin,1972-11-12,1,StudentIn,Steiermark
234,Gwenneth,Navarro,1988-02-23,1,Beides,Oberoesterreich
235,Wileen,Zealey,1960-01-11,0,Lehrpersonal,Tirol
236,Natal,O' Shea,1993-09-25,0,StudentIn,Tirol
237,Merry,Geeves,1962-10-26,0,Beides,Salzburg
238,Marcie,Toohey,1970-07-07,0,Lehrpersonal,Oberoesterreich
239,Eddy,Nassy,1995-06-06,0,Lehrpersonal,Salzburg
240,Rea,Dugan,1959-07-26,1,StudentIn,Steiermark
241,Clem,Nasey,1974-09-14,0,Lehrpersonal,Salzburg
242,Cristin,Rousby,1955-02-04,0,Beides,Niederoesterreich
243,Clerkclaude,Dittson,1971-12-04,0,Lehrpersonal,Salzburg
244,Bethanne,Franchyonok,1955-11-28,0,Lehrpersonal,Tirol
245,Ingaborg,Monget,1997-01-21,0,Lehrpersonal,Oberoesterreich
246,Thaxter,D'Souza,1984-02-20,1,Lehrpersonal,Wien
247,Shelbi,Spreckley,1976-08-22,1,StudentIn,Tirol
248,Aurore,Matiebe,1963-07-27,1,Beides,Tirol
249,Leonie,Michallat,1974-03-22,0,Beides,Wien
250,Dominick,Mayhew,1995-03-14,0,StudentIn,Niederoesterreich
251,Manuel,Chaimson,1976-05-12,0,Beides,Oberoesterreich
252,Yoshi,Creavan,1987-12-26,0,StudentIn,Salzburg
253,Averill,Tarren,1982-09-24,0,Beides,Vorarlberg
254,Harbert,Flaubert,1967-04-06,0,StudentIn,Kaernten
255,Daven,Whatley,1978-08-29,1,Lehrpersonal,Vorarlberg
256,Eldon,Blunsom,1965-03-25,0,StudentIn,Steiermark
257,Dione,Lamminam,1996-09-24,1,Beides,Burgenland
258,Chery,Sturte,1985-03-24,0,Beides,Niederoesterreich
259,Leeanne,Sambles,1958-12-16,1,Beides,Salzburg
260,Rockwell,Marven,1954-05-25,0,StudentIn,Burgenland
261,Artair,Riggulsford,1967-09-26,0,Lehrpersonal,Oberoesterreich
262,Alair,Rogers,1992-07-01,1,Beides,Steiermark
263,Thorny,Brouwer,1987-02-17,0,StudentIn,Tirol
264,Chrysler,Brereton,1991-09-08,0,Beides,Steiermark
265,Kelcie,Petren,1972-01-24,1,Lehrpersonal,Oberoesterreich
266,Babb,Mayhead,1975-10-20,0,Beides,Tirol
267,Jeromy,Foreman,1966-12-09,1,StudentIn,Burgenland
268,Benedict,Nutting,1959-06-09,0,Lehrpersonal,Oberoesterreich
269,Frankie,Linnitt,1994-11-10,1,Lehrpersonal,Vorarlberg
270,Mikol,Ceillier,1986-05-25,0,Lehrpersonal,Oberoesterreich
271,Penni,Guiett,1990-06-20,1,Lehrpersonal,Kaernten
272,Lind,St. Aubyn,1964-04-03,0,Lehrpersonal,Niederoesterreich
273,Elvin,Lau,1964-11-13,1,StudentIn,Kaernten
274,Eal,McCamish,1969-12-15,1,Beides,Steiermark
275,Billy,Rixon,1955-07-09,0,Lehrpersonal,Kaernten
276,Adena,Blain,1964-07-27,0,Beides,Oberoesterreich
277,Cathee,Cowpland,1967-01-01,1,StudentIn,Oberoesterreich
278,Terra,Kirke,1976-04-29,1,Lehrpersonal,Salzburg
279,Samantha,Greggor,1963-06-26,1,Beides,Salzburg
280,Boony,Givens,1967-09-18,0,Beides,Tirol
281,Elyn,Fudge,1954-07-24,0,StudentIn,Niederoesterreich
282,Kiersten,Seal,1990-05-03,1,Lehrpersonal,Vorarlberg
283,Pancho,Methuen,1996-03-02,1,Beides,Wien
284,Livvyy,Leinster,1985-06-03,1,StudentIn,Steiermark
285,Ulrika,Sleet,1975-08-17,1,StudentIn,Vorarlberg
286,Paul,Duchart,1981-05-02,1,Lehrpersonal,Burgenland
287,Rodolphe,Sleightholm,1994-07-06,1,Beides,Tirol
288,Inessa,Atkins,1956-06-02,0,Beides,Vorarlberg
289,Shawn,Billany,1978-02-12,1,Beides,Vorarlberg
290,Gideon,Hryniewicki,1987-01-22,0,StudentIn,Tirol
291,Durant,Alcorn,1987-09-10,0,Beides,Niederoesterreich
292,Pen,Mains,1968-04-10,1,StudentIn,Burgenland
293,Theodoric,Fardon,1987-02-12,0,Beides,Steiermark
294,Karlen,Whitbread,1969-03-14,1,Beides,Kaernten
295,Pascale,De Roberto,1991-07-07,0,StudentIn,Kaernten
296,Linet,Tartt,1955-01-11,1,StudentIn,Vorarlberg
297,Mag,Hudspeth,1960-04-03,1,StudentIn,Vorarlberg
298,Constantine,Tither,1970-12-06,0,Lehrpersonal,Salzburg
299,Morty,Cleiment,1978-07-23,1,StudentIn,Salzburg
300,Saba,Patterson,1959-08-22,1,StudentIn,Vorarlberg
301,Nola,Welden,1995-06-05,0,Beides,Salzburg
302,Jesse,Warby,1985-02-04,1,Beides,Burgenland
303,Roderic,Howling,1969-11-25,1,Beides,Vorarlberg
304,Danyelle,Vlach,1970-12-03,1,Lehrpersonal,Vorarlberg
305,Peirce,Blaszczyk,1965-02-12,1,Lehrpersonal,Vorarlberg
306,Jody,Kellie,1958-08-15,1,StudentIn,Wien
307,Homerus,Jarmyn,1981-09-29,1,StudentIn,Oberoesterreich
308,Avigdor,Maylin,1995-02-03,1,Lehrpersonal,Kaernten
309,Dulciana,Merdew,1995-04-15,1,Lehrpersonal,Wien
310,Martita,Hulme,1965-05-18,1,Beides,Vorarlberg
311,Reece,Camelin,1971-03-24,1,StudentIn,Tirol
312,Marlene,Spanswick,1968-07-17,1,Beides,Steiermark
313,Haskell,Leonida,1963-02-13,1,Beides,Burgenland
314,Paulina,Hadny,1971-08-16,1,StudentIn,Burgenland
315,Garrek,Ambroix,1991-10-18,0,Beides,Salzburg
316,Donni,Digweed,1983-11-13,0,Beides,Burgenland
317,Carlie,Falconer,1970-08-29,0,StudentIn,Tirol
318,Martica,Shepland,1986-10-08,0,StudentIn,Burgenland
319,Rahel,Link,1996-06-09,0,StudentIn,Vorarlberg
320,Silas,Buckett,1980-07-06,0,Lehrpersonal,Salzburg
321,Evin,Parysiak,1971-11-02,1,StudentIn,Niederoesterreich
322,Elizabet,Breede,1958-07-10,1,Lehrpersonal,Tirol
323,Abigale,Lewnden,1960-01-10,0,Beides,Burgenland
324,Dona,Mote,1963-06-23,0,StudentIn,Kaernten
325,Serge,Jedrzej,1962-05-28,0,Beides,Salzburg
326,Ewell,Battye,1993-12-16,1,Beides,Wien
327,Germaine,Cloney,1971-09-07,0,StudentIn,Tirol
328,Giana,Millwater,1974-07-05,0,Beides,Wien
329,Laird,Wanden,1986-09-22,0,Beides,Niederoesterreich
330,Jard,Pierri,1971-03-08,1,Beides,Niederoesterreich
331,Marris,Camfield,1986-10-25,1,StudentIn,Wien
332,Emyle,Farey,1985-08-24,0,Lehrpersonal,Wien
333,Devlen,Monteith,1977-11-29,1,StudentIn,Kaernten
334,Flynn,Greenside,1979-06-29,1,Beides,Tirol
335,Jermayne,Tattershaw,1983-01-07,0,Lehrpersonal,Burgenland
336,Tatum,Ashwood,1957-10-06,1,StudentIn,Tirol
337,Franni,Jupe,1969-03-28,0,StudentIn,Steiermark
338,Marlowe,Dislee,1989-07-02,1,StudentIn,Tirol
339,Taryn,Clara,1961-05-30,0,Lehrpersonal,Tirol
340,Anabella,Autry,1993-04-08,0,Lehrpersonal,Tirol
341,Zonda,Pittwood,1975-08-21,0,Lehrpersonal,Salzburg
342,Ninette,Barron,1963-05-01,0,Lehrpersonal,Burgenland
343,Saleem,Hendriksen,1989-01-10,0,Beides,Steiermark
344,Homer,Garmanson,1961-06-28,1,Beides,Vorarlberg
345,Angelita,Winney,1957-08-03,0,Lehrpersonal,Oberoesterreich
346,Dunc,Sibly,1995-12-11,0,Lehrpersonal,Vorarlberg
347,Carry,Iwaszkiewicz,1980-07-29,1,StudentIn,Oberoesterreich
348,Michele,Snelgar,1965-09-16,0,Beides,Kaernten
349,Carlie,Meachen,1960-05-17,0,StudentIn,Kaernten
350,Magdalena,Elizabeth,1966-07-30,0,Lehrpersonal,Wien
351,Donny,McMurthy,1985-06-30,0,Lehrpersonal,Burgenland
352,Leanna,Anscombe,1989-04-27,0,Lehrpersonal,Kaernten
353,Britt,Feldbrin,1975-07-15,0,Lehrpersonal,Steiermark
354,Manda,Gallichan,1958-09-03,1,Lehrpersonal,Tirol
355,Dew,Lassen,1962-09-24,1,StudentIn,Niederoesterreich
356,Amata,Tomasicchio,1991-11-15,1,StudentIn,Steiermark
357,Alexine,De-Ville,1956-02-03,0,StudentIn,Wien
358,Anthony,Jouhning,1975-10-17,1,StudentIn,Steiermark
359,Trent,Squirrell,1960-01-14,0,Beides,Niederoesterreich
360,Park,Swalwel,1990-02-19,0,Beides,Wien
361,Norbert,Piele,1986-04-25,0,Beides,Oberoesterreich
362,Sawyere,Webster,1972-03-26,1,Lehrpersonal,Burgenland
363,Nicholle,Crawley,1990-08-18,0,StudentIn,Vorarlberg
364,Ryann,Dehm,1992-09-21,0,Beides,Niederoesterreich
365,Clerissa,Vinnicombe,1981-12-11,1,Beides,Salzburg
366,Malory,Giuroni,1993-05-22,1,StudentIn,Burgenland
367,Miranda,Skill,1955-03-28,1,Lehrpersonal,Vorarlberg
368,Hephzibah,Bater,1996-01-09,0,Lehrpersonal,Salzburg
369,Emilie,Rounsefell,1988-01-31,0,Beides,Niederoesterreich
370,Lyn,Dawe,1979-04-26,0,Lehrpersonal,Kaernten
371,Cynde,Harbron,1959-01-20,1,Lehrpersonal,Vorarlberg
372,Portie,McGairl,1982-10-24,1,StudentIn,Burgenland
373,Leonore,Hatliff,1965-03-02,1,Lehrpersonal,Steiermark
374,Hester,Grinnell,1988-09-04,0,Beides,Oberoesterreich
375,Kassey,Minter,1971-07-04,1,Beides,Vorarlberg
376,Avie,Aitken,1968-10-03,0,StudentIn,Salzburg
377,Jerri,Pimer,1990-07-24,0,Lehrpersonal,Salzburg
378,Deane,Pavese,1992-02-26,0,Beides,Vorarlberg
379,Joyous,Riddich,1991-12-05,1,Beides,Salzburg
380,Tamera,Oatley,1963-01-22,0,Lehrpersonal,Kaernten
381,Karol,Leban,1978-12-30,1,StudentIn,Kaernten
382,Ursula,Fahey,1997-03-02,0,Lehrpersonal,Kaernten
383,Fitzgerald,Moseby,1958-06-07,1,StudentIn,Wien
384,Charleen,Doram,1957-09-28,0,StudentIn,Vorarlberg
385,Domeniga,Mannering,1967-11-15,1,Lehrpersonal,Vorarlberg
386,Ogdan,Teggart,1958-03-17,1,Lehrpersonal,Vorarlberg
387,Baily,Collidge,1962-02-07,0,Beides,Wien
388,Agretha,Asher,1964-06-21,0,StudentIn,Steiermark
389,Galven,Redholls,1966-08-21,1,StudentIn,Burgenland
390,Gelya,Winsbury,1987-05-27,0,Beides,Salzburg
391,Vida,Hryniewicki,1988-10-26,1,Lehrpersonal,Vorarlberg
392,Catherine,Hambidge,1984-07-16,0,Beides,Steiermark
393,Adela,Royans,1955-12-19,1,Lehrpersonal,Wien
394,Joell,Dabes,1964-01-25,0,StudentIn,Niederoesterreich
395,Melvin,Belfitt,1977-09-01,1,StudentIn,Vorarlberg
396,Hali,Lenormand,1996-04-18,0,StudentIn,Vorarlberg
397,Romonda,Cotton,1977-03-21,0,Beides,Kaernten
398,Fairfax,Durnell,1970-12-27,0,Beides,Vorarlberg
399,Tersina,Alvey,1991-10-06,1,Beides,Steiermark
400,Karita,Etridge,1990-12-29,0,Lehrpersonal,Salzburg
401,Burnaby,Boulden,1985-01-10,1,StudentIn,Wien
402,Sollie,Pyser,1980-04-16,0,Beides,Kaernten
403,Trace,Sillars,1959-10-14,0,Beides,Oberoesterreich
404,Hedy,Newbatt,1984-11-07,1,Lehrpersonal,Steiermark
405,Roxine,Odgaard,1959-07-31,1,Beides,Tirol
406,Margi,Wigzell,1983-04-10,0,Beides,Burgenland
407,Amity,Curtois,1985-11-30,0,Beides,Vorarlberg
408,Arabel,Coltan,1965-04-21,0,StudentIn,Tirol
409,Keelby,Raubenheim,1962-11-13,1,Beides,Kaernten
410,Meggi,Rogeron,1967-06-30,0,Lehrpersonal,Burgenland
411,Gerardo,Veque,1988-05-10,1,Beides,Niederoesterreich
412,Cornelius,Bahia,1958-04-02,1,Beides,Kaernten
413,Noby,Fairbrother,1974-01-24,1,StudentIn,Niederoesterreich
414,Frederich,Buffery,1969-09-03,1,Lehrpersonal,Tirol
415,Ilene,Marfield,1995-03-30,1,StudentIn,Vorarlberg
416,Constantin,Badsworth,1990-07-30,0,StudentIn,Vorarlberg
417,Bryan,Petren,1955-07-20,0,StudentIn,Tirol
418,Barny,Bessom,1960-04-19,1,Lehrpersonal,Salzburg
419,Clem,Algore,1983-12-24,0,StudentIn,Wien
420,Farlee,Allmond,1993-04-30,1,StudentIn,Vorarlberg
421,Kristal,Agostini,1984-09-06,1,Lehrpersonal,Burgenland
422,Brianne,Kleanthous,1991-01-15,0,Beides,Oberoesterreich
423,Hanson,Dockreay,1966-08-26,1,Lehrpersonal,Kaernten
424,Dalila,Allott,1970-09-14,0,Lehrpersonal,Vorarlberg
425,Rica,Campana,1954-09-14,1,Beides,Vorarlberg
426,Cathlene,Morant,1960-05-22,1,Lehrpersonal,Tirol
427,Efrem,Soaper,1968-06-21,0,Beides,Niederoesterreich
428,Barbee,Maroney,1980-11-02,0,Lehrpersonal,Wien
429,Darryl,Vasyutochkin,1964-02-15,0,Beides,Tirol
430,Elisabeth,Kirrage,1992-11-24,0,Lehrpersonal,Steiermark
431,Ira,Denton,1956-08-14,1,Beides,Wien
432,Michael,Woodfine,1985-11-15,1,Beides,Steiermark
433,Mickie,Terbeek,1976-10-30,0,Lehrpersonal,Salzburg
434,Myrlene,Impleton,1991-05-05,1,Lehrpersonal,Salzburg
435,Elmira,Aleksic,1981-10-31,0,StudentIn,Wien
436,Courtnay,Bever,1981-06-07,0,Beides,Burgenland
437,Wyn,Coult,1965-11-13,1,Beides,Oberoesterreich
438,Justina,Stollberger,1956-01-05,1,Lehrpersonal,Niederoesterreich
439,Maighdiln,Rowlatt,1956-11-28,1,Beides,Salzburg
440,Inessa,Birchenhead,1955-10-07,0,StudentIn,Salzburg
441,Morissa,Carbry,1955-04-18,1,Beides,Vorarlberg
442,Didi,Brittle,1971-03-17,1,Beides,Kaernten
443,Greta,Walewski,1969-07-04,1,Beides,Burgenland
444,Gibb,Coe,1994-02-11,0,Lehrpersonal,Kaernten
445,Susi,Szymanowicz,1963-03-14,0,Beides,Niederoesterreich
446,Jewel,Boler,1991-12-09,1,Lehrpersonal,Tirol
447,Gabie,Scurrah,1964-10-08,1,Beides,Salzburg
448,Beverlie,Weond,1957-08-18,1,Lehrpersonal,Tirol
449,Brandais,Vevers,1959-09-18,1,Beides,Tirol
450,Dennison,Farrey,1980-07-20,0,StudentIn,Oberoesterreich
451,Laney,Maddie,1983-02-10,0,Lehrpersonal,Salzburg
452,Dominik,Sipson,1986-07-29,1,Beides,Burgenland
453,Tani,Hyslop,1991-07-15,1,Lehrpersonal,Oberoesterreich
454,Vivie,Lunt,1973-08-16,0,Lehrpersonal,Niederoesterreich
455,Edy,Tutill,1958-07-09,1,Lehrpersonal,Kaernten
456,Shalom,Scocroft,1974-05-08,1,StudentIn,Wien
457,Bard,Twidle,1956-01-09,1,Beides,Oberoesterreich
458,Erminia,Dedham,1988-01-08,0,StudentIn,Salzburg
459,Hadlee,Milligan,1991-12-24,1,Beides,Oberoesterreich
460,Prue,Fransman,1990-01-31,1,Lehrpersonal,Burgenland
461,Opal,Onn,1976-02-13,0,Lehrpersonal,Burgenland
462,Cacilia,Kinny,1996-04-27,1,StudentIn,Kaernten
463,Orelie,Larmour,1958-04-17,1,Lehrpersonal,Salzburg
464,Guillema,Lamport,1985-06-03,1,StudentIn,Steiermark
465,Marcos,Baumler,1964-11-08,1,Lehrpersonal,Burgenland
466,Alexandr,Hawkswood,1995-11-16,0,StudentIn,Steiermark
467,Banky,Prandini,1958-03-03,0,StudentIn,Burgenland
468,Rock,Harce,1956-09-20,0,StudentIn,Kaernten
469,Colman,Satteford,1981-02-05,0,StudentIn,Tirol
470,Agneta,Siderfin,1991-04-06,1,StudentIn,Vorarlberg
471,Brennen,Ready,1960-03-15,0,StudentIn,Steiermark
472,Brook,MacGillespie,1956-05-03,1,Beides,Kaernten
473,Debee,Meates,1972-09-27,1,Beides,Niederoesterreich
474,Pernell,Ruane,1996-02-02,1,Beides,Salzburg
475,Jen,Test,1980-09-04,0,StudentIn,Vorarlberg
476,Kelcey,Eldredge,1959-08-07,0,Beides,Wien
477,Madeline,Wallington,1993-09-23,0,Beides,Kaernten
478,Layney,Bowley,1980-03-24,0,Beides,Wien
479,Aguie,Hullock,1963-07-01,0,Lehrpersonal,Salzburg
480,Dyann,Horburgh,1965-10-13,1,Beides,Tirol
481,Carlynn,Isaksen,1970-06-28,1,StudentIn,Salzburg
482,Marvin,Garton,1972-06-11,1,Beides,Niederoesterreich
483,Nick,McAleese,1973-10-27,1,Beides,Oberoesterreich
484,Ailbert,Baynes,1996-08-06,0,StudentIn,Wien
485,Wilt,Penzer,1964-01-25,0,Lehrpersonal,Kaernten
486,Katlin,Baylay,1982-07-01,1,Beides,Steiermark
487,Sargent,Chevin,1979-06-11,1,StudentIn,Salzburg
488,Agatha,Simoncello,1990-11-28,1,StudentIn,Tirol
489,Maryanna,Precious,1985-03-08,1,Beides,Niederoesterreich
490,Lalo,Hackworthy,1976-12-02,0,Beides,Wien
491,Lillis,Manes,1965-02-14,1,Beides,Niederoesterreich
492,Ellswerth,Labbett,1988-01-18,1,Beides,Oberoesterreich
493,Lidia,MacShirrie,1970-07-11,1,StudentIn,Vorarlberg
494,Aloisia,Peyton,1976-07-06,0,Beides,Burgenland
495,Reine,Hegden,1993-11-16,1,StudentIn,Wien
496,Julieta,Merfin,1958-12-19,1,Lehrpersonal,Steiermark
497,Moise,Bibbie,1969-08-26,0,Beides,Steiermark
498,Constancia,Latehouse,1957-03-26,0,Lehrpersonal,Kaernten
499,Oliy,Minichi,1971-09-06,0,StudentIn,Niederoesterreich
500,Cazzie,Learoyd,1956-11-15,1,Beides,Burgenland
501,Andreana,Laval,1972-10-06,0,Beides,Burgenland
502,Shirl,Bescoby,1962-01-04,0,StudentIn,Salzburg
503,Donn,Denne,1987-12-27,0,Lehrpersonal,Steiermark
504,Alvinia,Marshal,1988-09-24,1,Beides,Wien
505,Alissa,Linnitt,1980-02-18,0,StudentIn,Salzburg
506,Edward,Myner,1975-10-31,1,Beides,Salzburg
507,Cathrine,Fusedale,1984-02-07,0,Beides,Salzburg
508,Alisha,Brokenshaw,1970-11-25,0,Lehrpersonal,Steiermark
509,Augy,Tottem,1968-11-16,1,Lehrpersonal,Kaernten
510,Von,Varnam,1960-10-11,0,Beides,Tirol
511,Elfreda,Dorrity,1978-06-02,0,Lehrpersonal,Wien
512,Mohammed,Roebottom,1970-05-29,1,Lehrpersonal,Steiermark
513,Cecil,Stopps,1994-08-24,1,StudentIn,Burgenland
514,Carolus,Heinsen,1958-01-08,1,Lehrpersonal,Wien
515,Aldis,Haryngton,1970-08-03,0,StudentIn,Oberoesterreich
516,Carmel,Hutten,1969-03-29,1,StudentIn,Niederoesterreich
517,Kassey,Brownsey,1956-04-13,1,StudentIn,Oberoesterreich
518,Ardys,Schule,1993-03-10,0,Lehrpersonal,Steiermark
519,Rhonda,Peyzer,1958-06-22,0,StudentIn,Tirol
520,Rheba,Beek,1997-02-12,0,Lehrpersonal,Oberoesterreich
521,Georgi,Aindrais,1992-10-02,1,StudentIn,Steiermark
522,Michaeline,Woodson,1962-04-29,0,Beides,Kaernten
523,Shannen,Drews,1967-10-07,0,Beides,Oberoesterreich
524,Gayel,Lilburn,1961-08-21,1,Beides,Burgenland
525,Brok,Deverille,1980-06-21,1,StudentIn,Oberoesterreich
526,Tedmund,Shepperd,1965-07-10,0,Lehrpersonal,Tirol
527,Pattie,Lonsbrough,1972-12-19,1,Lehrpersonal,Niederoesterreich
528,Jeanna,Giovannacc@i,1981-11-26,0,Lehrpersonal,Steiermark
529,Reamonn,Thomazin,1965-09-17,1,Beides,Niederoesterreich
530,Jammie,Peppin,1963-08-16,1,Lehrpersonal,Oberoesterreich
531,Dynah,Brotherick,1982-04-28,1,Beides,Kaernten
532,Sher,Cullum,1985-12-23,1,Lehrpersonal,Niederoesterreich
533,Cyril,Mapam,1955-04-14,0,StudentIn,Steiermark
534,Kassie,Rodgerson,1979-11-22,1,Beides,Tirol
535,Shirl,Besemer,1991-10-15,1,StudentIn,Salzburg
536,Barbara,Gabitis,1981-11-16,1,Lehrpersonal,Wien
537,Adelbert,Sprasen,1986-01-08,1,Lehrpersonal,Steiermark
538,Ulrikaumeko,Raimbauld,1955-07-08,0,Beides,Steiermark
539,Rurik,Curtiss,1983-02-25,0,StudentIn,Salzburg
540,Friedrick,Buttery,1997-01-18,0,Lehrpersonal,Niederoesterreich
541,Elvira,Sabbins,1988-07-09,1,StudentIn,Oberoesterreich
542,Elliot,Hedylstone,1955-02-25,0,Lehrpersonal,Wien
543,Dante,Gellan,1974-11-21,0,StudentIn,Salzburg
544,Yuma,Pilbury,1993-06-24,0,Lehrpersonal,Oberoesterreich
545,Conroy,Izod,1987-10-21,1,Lehrpersonal,Oberoesterreich
546,Anselma,Piggins,1990-11-26,1,Beides,Steiermark
547,Randee,MacDermott,1997-01-26,1,Beides,Salzburg
548,Clifford,Dewer,1983-07-27,0,Beides,Burgenland
549,Galvin,Shade,1972-07-22,1,StudentIn,Burgenland
550,Molly,Le Claire,1988-12-12,1,Lehrpersonal,Oberoesterreich
551,Zilvia,Soutar,1978-10-15,1,StudentIn,Burgenland
552,Reggis,Fallows,1975-11-07,0,Beides,Burgenland
553,Gabie,Richmond,1993-05-17,0,Beides,Burgenland
554,Gail,Sally,1969-07-09,0,Beides,Burgenland
555,Luigi,Heatlie,1964-02-05,1,Lehrpersonal,Wien
556,Thurston,Piner,1980-05-17,0,Beides,Salzburg
557,Alma,Fawthrop,1979-07-31,0,StudentIn,Salzburg
558,Auria,Ruppeli,1974-03-10,1,StudentIn,Wien
559,Bernarr,Bastock,1977-08-08,1,Beides,Niederoesterreich
560,Ayn,Sleightholm,1994-07-28,1,Beides,Oberoesterreich
561,Tildie,Truelock,1957-03-16,1,Lehrpersonal,Salzburg
562,Bordy,Coultard,1989-05-13,0,Lehrpersonal,Niederoesterreich
563,Elinore,Durante,1954-11-26,1,Beides,Burgenland
564,Bartholomeus,Kettlestringe,1978-02-02,1,StudentIn,Vorarlberg
565,Lila,Grasser,1962-11-20,1,Lehrpersonal,Wien
566,Anthia,Staden,1980-12-04,0,Lehrpersonal,Niederoesterreich
567,Odelle,Hairon,1964-05-15,1,Beides,Vorarlberg
568,Reina,Cavie,1973-02-05,1,StudentIn,Salzburg
569,Rahel,Brickner,1973-01-26,1,Beides,Wien
570,Ray,Brocklebank,1960-01-14,0,StudentIn,Wien
571,Bruce,Stedmond,1986-06-26,1,StudentIn,Vorarlberg
572,Charissa,Slinger,1968-02-26,1,Beides,Steiermark
573,Whitney,Yepiskov,1962-11-10,0,Beides,Tirol
574,Mireielle,Bernolet,1992-02-26,1,Lehrpersonal,Tirol
575,Audrye,Mungham,1981-09-02,1,Beides,Steiermark
576,Walt,Imason,1995-03-16,1,Lehrpersonal,Burgenland
577,Carolynn,Thyng,1971-07-26,0,StudentIn,Vorarlberg
578,Mord,Malyon,1980-02-29,0,StudentIn,Oberoesterreich
579,Yves,Menel,1979-03-29,0,Beides,Salzburg
580,Emmalee,Clethro,1959-05-28,1,Beides,Wien
581,Matilda,Butts,1995-01-11,1,Lehrpersonal,Burgenland
582,Morris,Easterling,1962-11-19,0,Beides,Salzburg
583,Aleksandr,Glenn,1962-06-16,1,Lehrpersonal,Wien
584,Cody,Cockney,1979-08-03,1,Lehrpersonal,Niederoesterreich
585,Adelle,Sones,1989-04-26,0,StudentIn,Niederoesterreich
586,Piotr,Givens,1982-02-03,0,Beides,Burgenland
587,Zorah,Basey,1955-06-13,0,Beides,Tirol
588,Noami,Shilburne,1966-04-10,1,StudentIn,Burgenland
589,Kim,Wheeliker,1981-08-20,1,Lehrpersonal,Tirol
590,Elbertine,Winterson,1972-03-14,0,Beides,Burgenland
591,Clio,Lamminam,1977-06-01,1,Lehrpersonal,Oberoesterreich
592,Karin,Apfelmann,1993-12-16,0,Beides,Salzburg
593,Hadrian,Bonnavant,1978-02-24,1,Beides,Niederoesterreich
594,Britt,Gerrish,1987-11-21,1,Beides,Salzburg
595,Allin,Accum,1972-04-01,0,Lehrpersonal,Salzburg
596,Giacomo,Godsell,1991-07-28,1,Beides,Salzburg
597,Jennilee,Saenz,1994-10-20,0,Lehrpersonal,Tirol
598,Grace,Surman,1968-05-19,0,Lehrpersonal,Vorarlberg
599,Drucy,Autie,1993-07-04,0,StudentIn,Burgenland
600,Phil,Oxx,1989-11-29,0,Beides,Steiermark
601,Wernher,Bonsey,1965-03-24,0,Lehrpersonal,Kaernten
602,Virginie,Huglin,1967-11-06,1,Lehrpersonal,Vorarlberg
603,Adolpho,Lawman,1986-02-25,0,Lehrpersonal,Oberoesterreich
604,Kary,Horsley,1958-06-09,0,Beides,Salzburg
605,Tull,Russo,1980-03-21,0,Lehrpersonal,Burgenland
606,Jason,Hupe,1977-05-11,0,Lehrpersonal,Salzburg
607,Orella,Christal,1978-06-24,1,Lehrpersonal,Steiermark
608,Melita,Scain,1973-02-14,0,Beides,Oberoesterreich
609,Appolonia,Grane,1967-08-12,0,StudentIn,Oberoesterreich
610,Callean,Regglar,1982-09-02,1,Beides,Niederoesterreich
611,Livy,Bjorkan,1984-04-10,1,Lehrpersonal,Wien
612,Calida,Groneway,1972-02-06,0,Lehrpersonal,Vorarlberg
613,Keelby,Elce,1975-03-14,0,Lehrpersonal,Burgenland
614,Langston,MacAnellye,1986-07-10,0,Beides,Vorarlberg
615,Garnette,Mapledoram,1975-12-06,1,Lehrpersonal,Niederoesterreich
616,Sharia,Mitkcov,1955-11-28,0,Beides,Wien
617,Clint,Searsby,1985-02-02,1,StudentIn,Vorarlberg
618,Quentin,O'Sirin,1981-07-31,0,Beides,Kaernten
619,Fredrika,Brockie,1990-03-10,0,StudentIn,Wien
620,Deirdre,Kennally,1995-07-04,1,Lehrpersonal,Kaernten
621,Row,Bartomieu,1990-03-19,0,StudentIn,Wien
622,Neville,Palphramand,1988-08-01,0,Lehrpersonal,Salzburg
623,Amble,Morl,1989-12-16,1,Lehrpersonal,Niederoesterreich
624,Cindie,Simmers,1988-08-11,1,StudentIn,Niederoesterreich
625,Nerta,Vlasenkov,1992-01-21,1,StudentIn,Salzburg
626,Tasha,Mixer,1965-01-28,0,Lehrpersonal,Burgenland
627,Kat,Simonite,1958-09-27,1,StudentIn,Burgenland
628,Estella,Pessler,1960-05-30,1,Beides,Steiermark
629,Ashia,Kliemke,1955-06-11,0,Lehrpersonal,Salzburg
630,Barbabra,Conkay,1962-04-03,0,Beides,Burgenland
631,Dodie,Boughton,1990-11-09,0,Lehrpersonal,Oberoesterreich
632,Judith,Ingree,1955-03-29,0,Lehrpersonal,Oberoesterreich
633,Germaine,Chantler,1984-12-25,0,Beides,Wien
634,Gigi,Langsdon,1978-02-22,1,Lehrpersonal,Salzburg
635,Tova,Bartoletti,1980-11-29,1,Beides,Niederoesterreich
636,Sid,Puttrell,1987-11-25,1,Lehrpersonal,Tirol
637,Hayden,Cotmore,1962-11-28,0,Beides,Steiermark
638,Becky,Cumbers,1994-12-01,0,Lehrpersonal,Tirol
639,Hermy,Checchi,1993-07-02,1,Beides,Burgenland
640,Alikee,O'Scanlan,1989-12-25,1,Beides,Wien
641,Kingsley,Fausch,1968-10-28,0,Beides,Salzburg
642,Theodor,Croall,1967-10-03,0,Beides,Salzburg
643,Leigh,O'Downe,1990-02-21,0,StudentIn,Salzburg
644,Eldon,Micah,1955-07-21,1,Lehrpersonal,Vorarlberg
645,Bonni,Terrill,1983-10-16,0,StudentIn,Niederoesterreich
646,Jeniffer,Lafayette,1963-09-03,1,StudentIn,Kaernten
647,Gasparo,Daulton,1989-05-17,1,Lehrpersonal,Kaernten
648,Annecorinne,Hagston,1962-07-26,1,Lehrpersonal,Steiermark
649,Rasia,Hiner,1964-01-05,0,StudentIn,Burgenland
650,Jeremiah,Rebeiro,1955-03-11,0,Lehrpersonal,Burgenland
651,Bradan,McDermid,1968-04-09,0,StudentIn,Vorarlberg
652,Tremayne,MacIlurick,1970-01-28,0,StudentIn,Niederoesterreich
653,Man,Orgee,1982-12-10,0,Lehrpersonal,Tirol
654,Morgen,Tivenan,1989-04-21,1,StudentIn,Salzburg
655,Clay,Shrawley,1974-10-24,0,StudentIn,Oberoesterreich
656,Rikki,Rutter,1989-01-03,0,StudentIn,Kaernten
657,Otis,Sabathe,1957-11-26,0,Lehrpersonal,Salzburg
658,Ursula,Craigg,1990-06-05,0,StudentIn,Niederoesterreich
659,Farlie,Deadman,1988-01-17,1,Beides,Burgenland
660,Chicky,Goose,1992-11-30,1,Beides,Tirol
661,Caddric,Ekkel,1958-03-27,1,Beides,Tirol
662,Billie,Godard,1955-01-02,1,Beides,Steiermark
663,Jerrie,Connar,1956-11-06,1,Beides,Burgenland
664,Mina,Rake,1966-12-22,0,Beides,Kaernten
665,Nate,Dimitresco,1976-03-31,0,Beides,Niederoesterreich
666,Ronnie,Bygate,1972-05-07,0,Beides,Wien
667,Devon,Keddy,1989-11-17,1,Lehrpersonal,Niederoesterreich
668,Philis,Litton,1972-01-26,1,Beides,Steiermark
669,Pincas,Boliver,1987-07-15,1,StudentIn,Oberoesterreich
670,Bogart,Flaxon,1965-10-03,1,StudentIn,Salzburg
671,Alasteir,Neeves,1962-12-02,1,Lehrpersonal,Burgenland
672,Viviana,Tiffin,1973-06-20,0,StudentIn,Wien
673,Noll,Densie,1956-09-27,1,StudentIn,Steiermark
674,Lind,Hunnawill,1993-05-18,0,Beides,Steiermark
675,Tucker,Tomkys,1992-01-11,1,Lehrpersonal,Niederoesterreich
676,Kimberlee,Eplett,1957-07-14,1,StudentIn,Vorarlberg
677,Arvy,Esherwood,1987-04-12,0,StudentIn,Steiermark
678,Nealson,Kraut,1983-02-17,1,StudentIn,Oberoesterreich
679,Kacie,Kubacki,1988-12-10,1,Lehrpersonal,Salzburg
680,Guy,Olivella,1972-10-23,1,StudentIn,Oberoesterreich
681,Maxie,Troak,1997-02-06,0,Lehrpersonal,Vorarlberg
682,Arty,McAlinion,1991-11-28,0,StudentIn,Kaernten
683,Natividad,Rickwood,1961-05-08,0,StudentIn,Kaernten
684,Andres,Gimbart,1958-05-21,1,StudentIn,Steiermark
685,Paulie,Salery,1970-01-13,1,Beides,Oberoesterreich
686,Silvana,Warry,1988-03-17,1,Beides,Niederoesterreich
687,Zerk,Shackel,1979-07-04,1,Lehrpersonal,Burgenland
688,Ignatius,Reah,1965-12-07,1,Lehrpersonal,Tirol
689,Mommy,Cavell,1991-11-21,0,Lehrpersonal,Wien
690,Ewell,Aspinal,1993-04-18,0,Lehrpersonal,Steiermark
691,Mary,Geerling,1979-11-20,0,Lehrpersonal,Steiermark
692,Zacharie,Darwood,1964-10-01,0,Beides,Salzburg
693,Mikey,Gannicott,1956-10-19,1,Beides,Oberoesterreich
694,Karrah,Grimsditch,1965-03-06,1,StudentIn,Vorarlberg
695,Johannah,Kenworth,1956-05-22,0,Lehrpersonal,Salzburg
696,Kaleena,Eastwood,1958-04-11,1,Lehrpersonal,Kaernten
697,Lezlie,Gillinghams,1954-08-15,0,Lehrpersonal,Salzburg
698,Karil,Murford,1977-03-17,0,StudentIn,Niederoesterreich
699,Henrik,Tour,1963-09-02,1,Lehrpersonal,Salzburg
700,Willey,Margiotta,1960-01-26,0,Lehrpersonal,Burgenland
701,Lucienne,Earie,1955-10-31,1,Lehrpersonal,Kaernten
702,Jennine,Robke,1969-12-21,0,Lehrpersonal,Steiermark
703,Whitman,Deniso,1961-11-23,1,Beides,Steiermark
704,Burlie,Vasyuchov,1987-11-05,0,StudentIn,Wien
705,Dorree,Chitty,1993-12-21,0,Lehrpersonal,Niederoesterreich
706,Idette,Upwood,1974-02-14,0,Lehrpersonal,Burgenland
707,Diego,Coomber,1985-04-13,1,StudentIn,Niederoesterreich
708,Felicia,Bloxsom,1978-02-16,1,StudentIn,Oberoesterreich
709,Cynde,Dovidian,1954-12-31,0,StudentIn,Tirol
710,Christan,Moyers,1982-03-28,0,Beides,Salzburg
711,Guthry,Langworthy,1974-02-24,0,Lehrpersonal,Wien
712,Hailee,Govinlock,1992-05-28,0,Beides,Tirol
713,Marc,Vagg,1971-04-10,1,StudentIn,Oberoesterreich
714,Lillian,Swetenham,1963-12-18,0,Beides,Vorarlberg
715,Ara,Burgum,1987-10-11,0,Beides,Tirol
716,Hamilton,Brotherhed,1958-06-09,1,Beides,Steiermark
717,Jacklin,Swinyard,1956-04-28,0,Lehrpersonal,Steiermark
718,Rodrigo,Norridge,1980-08-11,0,Lehrpersonal,Steiermark
719,Adena,Worner,1991-12-16,1,StudentIn,Salzburg
720,Kelci,Birtwistle,1974-03-29,0,Lehrpersonal,Niederoesterreich
721,Gigi,Franzettoini,1969-06-19,0,Lehrpersonal,Oberoesterreich
722,Allen,Abrahami,1976-01-24,1,Lehrpersonal,Vorarlberg
723,Clywd,Aland,1956-03-10,1,StudentIn,Kaernten
724,Elna,Duckels,1955-04-13,0,Beides,Salzburg
725,Loralie,Screase,1993-02-23,0,StudentIn,Kaernten
726,Chan,Archdeckne,1988-08-10,1,StudentIn,Kaernten
727,Devinne,Vamplers,1996-12-12,1,Lehrpersonal,Burgenland
728,Natala,Ebbing,1975-07-13,0,Beides,Salzburg
729,Chadwick,McTerlagh,1988-12-08,1,Beides,Salzburg
730,Glenda,Placidi,1981-10-15,0,Beides,Tirol
731,Hertha,Probat,1985-09-18,1,Beides,Vorarlberg
732,Maurise,Larsen,1954-12-07,0,StudentIn,Niederoesterreich
733,Saunderson,Keohane,1959-01-03,0,Lehrpersonal,Wien
734,Ollie,Dominicacci,1962-01-04,0,Lehrpersonal,Niederoesterreich
735,Waylan,Brood,1984-12-17,1,StudentIn,Tirol
736,Melodee,Worlock,1989-08-10,1,Beides,Tirol
737,Conn,Poat,1961-10-26,0,Lehrpersonal,Tirol
738,Cassondra,covino,1972-04-19,0,Beides,Salzburg
739,Yvonne,Ruperti,1978-03-21,0,Beides,Oberoesterreich
740,Karlik,Byneth,1974-03-20,0,Lehrpersonal,Kaernten
741,Rhodia,Neesam,1995-07-16,0,Lehrpersonal,Kaernten
742,Howie,Gartell,1969-07-05,0,Beides,Burgenland
743,Trenna,Houseley,1959-04-12,1,Lehrpersonal,Oberoesterreich
744,Mellicent,Southern,1979-12-31,0,Lehrpersonal,Salzburg
745,Aridatha,Janosevic,1995-11-03,0,StudentIn,Vorarlberg
746,Hildy,Duckitt,1987-06-21,0,Lehrpersonal,Niederoesterreich
747,Demetria,McDonald,1964-03-17,1,StudentIn,Kaernten
748,Sheela,Yepiskov,1984-04-22,1,Lehrpersonal,Kaernten
749,Zondra,Glenfield,1963-10-14,1,Beides,Salzburg
750,Jocelin,Prium,1971-04-03,1,StudentIn,Tirol
751,Lindsy,Lydiate,1962-06-01,1,Lehrpersonal,Wien
752,Heidi,Orkney,1988-09-25,0,Lehrpersonal,Vorarlberg
753,Nari,Aingell,1990-10-15,0,StudentIn,Wien
754,Ilise,Manwell,1987-02-01,1,Beides,Steiermark
755,Mic,Bellenger,1976-12-16,1,Lehrpersonal,Oberoesterreich
756,Paddy,Poulston,1976-08-27,1,Beides,Wien
757,Victor,Nibley,1956-03-14,0,StudentIn,Salzburg
758,Carita,Digwood,1967-02-25,1,Beides,Oberoesterreich
759,Townsend,Geraldini,1992-10-08,0,Lehrpersonal,Salzburg
760,Wilden,Phipps,1966-08-23,0,StudentIn,Wien
761,Philly,Sieur,1960-12-12,0,Beides,Salzburg
762,Brooks,Bulcock,1967-09-14,1,Beides,Burgenland
763,Grantley,Spinnace,1991-07-31,1,Lehrpersonal,Oberoesterreich
764,Kanya,Nassau,1982-12-04,1,StudentIn,Tirol
765,Stacey,Cobelli,1965-11-20,0,StudentIn,Oberoesterreich
766,Cati,Fantini,1971-03-18,0,Lehrpersonal,Burgenland
767,Thomasine,Janaszewski,1970-03-04,0,Beides,Salzburg
768,Jase,Tolley,1975-01-19,1,StudentIn,Oberoesterreich
769,Larine,Bust,1959-10-30,1,Lehrpersonal,Kaernten
770,Hayward,Ladbrooke,1972-04-19,0,Beides,Oberoesterreich
771,Marcelia,Marsham,1964-04-08,1,StudentIn,Kaernten
772,Vinni,Saket,1979-01-11,1,Lehrpersonal,Niederoesterreich
773,Clemmie,Hanscom,1975-06-18,1,Beides,Tirol
774,Amata,Traviss,1958-08-11,1,StudentIn,Vorarlberg
775,Lesya,Pauling,1990-12-15,0,Beides,Niederoesterreich
776,Winni,Leal,1990-03-08,1,StudentIn,Burgenland
777,Buffy,Goter,1963-10-21,0,Beides,Oberoesterreich
778,Dorrie,Balazot,1986-10-08,1,StudentIn,Tirol
779,Tymothy,Leese,1970-12-05,1,StudentIn,Vorarlberg
780,Linnea,Murrock,1996-08-02,1,StudentIn,Oberoesterreich
781,Den,Runnett,1962-12-20,0,Beides,Wien
782,Niccolo,Boshier,1965-11-01,1,Lehrpersonal,Salzburg
783,Ryan,Bertolin,1965-08-09,1,Lehrpersonal,Tirol
784,Veda,Lundberg,1966-11-12,1,StudentIn,Burgenland
785,Minna,Halahan,1967-11-07,0,Lehrpersonal,Salzburg
786,Zebulon,Ivashintsov,1980-10-17,1,Lehrpersonal,Steiermark
787,Marcelline,Skones,1994-04-10,1,StudentIn,Niederoesterreich
788,Lorianne,Andresser,1968-05-17,1,Lehrpersonal,Steiermark
789,Berton,Le Blond,1988-05-07,1,StudentIn,Niederoesterreich
790,Jeffie,Messier,1966-04-01,0,Lehrpersonal,Oberoesterreich
791,Niven,Plenty,1954-07-27,0,Beides,Vorarlberg
792,Bunnie,Umbert,1973-09-22,1,StudentIn,Salzburg
793,Burnard,MacMeekan,1978-10-19,1,StudentIn,Vorarlberg
794,Kaila,Wetherby,1964-07-14,1,StudentIn,Tirol
795,Alanna,Dalliwater,1997-04-28,0,StudentIn,Wien
796,Garey,Mc Giffin,1964-03-08,0,Lehrpersonal,Tirol
797,Donnell,Keller,1957-05-10,1,Beides,Wien
798,Warden,Lyver,1995-06-13,0,Beides,Kaernten
799,Liesa,Maynard,1968-03-31,1,StudentIn,Salzburg
800,Blayne,Atteridge,1980-06-26,1,Beides,Vorarlberg
801,Joann,Ranshaw,1964-08-26,1,Lehrpersonal,Kaernten
802,Barry,Le Galle,1987-01-27,0,StudentIn,Kaernten
803,Claudine,Aizic,1956-06-28,0,Lehrpersonal,Wien
804,Garry,Wewell,1996-01-03,1,StudentIn,Tirol
805,Pippo,Kopp,1989-12-30,1,Lehrpersonal,Kaernten
806,Ritchie,Saiz,1981-06-25,0,Beides,Salzburg
807,Terry,Tanton,1963-12-29,0,Lehrpersonal,Oberoesterreich
808,Melvin,Triggel,1967-06-05,1,Beides,Salzburg
809,Mandi,Duffan,1960-07-02,1,Lehrpersonal,Kaernten
810,Breanne,Firth,1964-06-10,1,Lehrpersonal,Steiermark
811,Luca,Jeffray,1972-11-17,0,Beides,Wien
812,Sayres,Duggen,1964-10-04,0,StudentIn,Vorarlberg
813,Stavros,Gentil,1994-02-26,1,Beides,Niederoesterreich
814,Brucie,Hune,1994-07-17,1,Beides,Burgenland
815,Shurwood,Geane,1960-09-25,1,Beides,Salzburg
816,Laurette,Sigward,1980-09-13,0,Lehrpersonal,Vorarlberg
817,Yancy,Cornelis,1967-07-07,0,StudentIn,Kaernten
818,Didi,Moyser,1993-12-15,1,StudentIn,Wien
819,Benedicto,Ambage,1993-01-13,0,StudentIn,Steiermark
820,Kelbee,Trusty,1988-08-28,0,Beides,Wien
821,Muffin,Edwin,1969-12-30,1,StudentIn,Steiermark
822,Sophi,Metrick,1993-12-14,1,Lehrpersonal,Kaernten
823,Willa,Grellis,1984-05-09,0,Beides,Burgenland
824,Braden,Ianinotti,1973-12-05,0,StudentIn,Salzburg
825,Timofei,Baudouin,1956-12-10,1,Beides,Vorarlberg
826,Jerrold,Kleinmintz,1978-01-01,1,Lehrpersonal,Wien
827,Corrina,Boate,1958-04-16,0,Lehrpersonal,Salzburg
828,Royal,Cuningham,1988-06-23,1,Lehrpersonal,Kaernten
829,Garvy,Wride,1968-10-04,1,Beides,Salzburg
830,Weston,Devany,1960-09-11,0,StudentIn,Kaernten
831,Helen-elizabeth,Charlewood,1978-04-27,1,Beides,Salzburg
832,Dinny,Po,1980-12-29,1,Lehrpersonal,Tirol
833,Nedi,Jorger,1972-06-06,1,Beides,Burgenland
834,Francois,Warret,1975-09-23,0,Lehrpersonal,Kaernten
835,Nick,Bartelli,1993-12-06,1,StudentIn,Oberoesterreich
836,Breena,Jeaves,1967-06-28,1,Beides,Niederoesterreich
837,Ivette,Suart,1958-06-21,1,Lehrpersonal,Burgenland
838,Maura,Brentnall,1979-09-05,0,StudentIn,Tirol
839,Lem,Pavia,1997-03-28,1,StudentIn,Burgenland
840,Xerxes,Schruyer,1963-05-14,1,Lehrpersonal,Vorarlberg
841,Bentlee,Minguet,1997-04-09,1,Beides,Niederoesterreich
842,Eustace,Jelf,1987-04-03,0,StudentIn,Steiermark
843,Free,Cronin,1981-10-07,1,StudentIn,Kaernten
844,Valle,Sealeaf,1959-12-05,0,StudentIn,Niederoesterreich
845,Denni,Cutts,1955-10-07,0,StudentIn,Wien
846,Leelah,Milliere,1984-02-18,0,StudentIn,Tirol
847,Reilly,Laydon,1996-09-20,1,Lehrpersonal,Salzburg
848,Willa,Brookfield,1985-04-15,1,StudentIn,Kaernten
849,Roxane,Spoor,1979-12-31,0,StudentIn,Wien
850,Alister,Kleewein,1959-07-20,0,StudentIn,Wien
851,Viola,Jakoubec,1982-05-17,0,StudentIn,Wien
852,Marice,Aish,1992-08-23,1,StudentIn,Burgenland
853,Kay,Fison,1955-08-11,0,Beides,Tirol
854,Harper,Storm,1996-01-16,0,Beides,Oberoesterreich
855,Tammara,Parsley,1964-02-19,1,Lehrpersonal,Steiermark
856,Stormie,Flegg,1976-04-29,1,Lehrpersonal,Wien
857,Jess,Luisetti,1971-01-10,1,Lehrpersonal,Niederoesterreich
858,Geraldine,Rawls,1962-12-18,0,Lehrpersonal,Salzburg
859,Harald,Hitter,1965-03-24,1,Lehrpersonal,Steiermark
860,Fawn,Blondell,1971-06-16,0,Lehrpersonal,Burgenland
861,Nico,Whitefoot,1994-03-05,0,Lehrpersonal,Steiermark
862,Nate,Kilgrove,1972-09-25,1,StudentIn,Vorarlberg
863,Emory,Glazebrook,1977-01-02,1,Lehrpersonal,Wien
864,Lucian,Lindman,1987-08-01,0,StudentIn,Wien
865,Alecia,Andrey,1960-12-20,0,Beides,Wien
866,Baxy,Bogays,1954-10-20,0,Beides,Salzburg
867,Rennie,Bolderson,1996-01-16,1,Lehrpersonal,Kaernten
868,Cole,Gostage,1960-03-30,1,Lehrpersonal,Burgenland
869,Alasteir,Corr,1957-10-30,1,StudentIn,Oberoesterreich
870,Amery,Zappel,1956-10-19,1,Beides,Oberoesterreich
871,Anne-corinne,Franschini,1995-04-28,1,Lehrpersonal,Oberoesterreich
872,Debera,Dirkin,1962-12-07,1,Lehrpersonal,Kaernten
873,Nicholle,Gorstidge,1967-06-14,1,StudentIn,Steiermark
874,Harrison,Laing,1955-12-22,0,Beides,Kaernten
875,Latrina,Healing,1985-03-12,1,Beides,Steiermark
876,Arlinda,Sussex,1995-02-10,1,Lehrpersonal,Niederoesterreich
877,Sallyann,Hiscoke,1979-03-13,1,Lehrpersonal,Wien
878,Isabel,Garrat,1991-12-19,1,Lehrpersonal,Steiermark
879,Shari,Lightwood,1974-07-15,0,Lehrpersonal,Niederoesterreich
880,Dermot,Rickword,1976-09-30,0,Lehrpersonal,Vorarlberg
881,Melba,O'Dulchonta,1956-10-25,1,StudentIn,Wien
882,Abe,Ferrea,1966-03-10,1,StudentIn,Niederoesterreich
883,Case,Seamer,1991-09-09,0,StudentIn,Oberoesterreich
884,Sondra,Hanster,1970-08-16,0,StudentIn,Salzburg
885,Jozef,Haberfield,1970-01-18,0,Lehrpersonal,Wien
886,Orlan,Skip,1986-10-23,1,Beides,Tirol
887,Theobald,Glawsop,1985-03-06,0,Lehrpersonal,Wien
888,Rodolphe,Young,1994-04-14,1,Beides,Burgenland
889,Kimberly,Loncaster,1993-12-10,1,Beides,Burgenland
890,Shelby,Shakelade,1964-04-17,1,Beides,Salzburg
891,Finn,Toopin,1991-04-04,1,Beides,Salzburg
892,Greggory,Impett,1961-02-19,0,StudentIn,Salzburg
893,Prentiss,Pauling,1961-05-31,0,Lehrpersonal,Oberoesterreich
894,Jaye,Marston,1987-06-30,1,Lehrpersonal,Steiermark
895,Hillard,Hendriksen,1970-02-17,1,StudentIn,Oberoesterreich
896,Kellen,Odams,1963-12-01,1,StudentIn,Niederoesterreich
897,Bogey,Beacon,1963-02-16,0,Beides,Burgenland
898,Trefor,Goaley,1957-12-30,0,Lehrpersonal,Niederoesterreich
899,Amy,Frany,1985-12-06,1,Beides,Niederoesterreich
900,Laryssa,Jeakins,1992-02-20,0,Beides,Steiermark
901,Ivory,Jandl,1958-04-08,1,Beides,Burgenland
902,Marinna,Kalf,1959-01-22,0,Lehrpersonal,Burgenland
903,Dollie,Kayne,1975-06-08,1,Lehrpersonal,Wien
904,Von,Teaser,1964-03-23,1,Beides,Steiermark
905,Sargent,Petrushanko,1985-07-23,0,Beides,Oberoesterreich
906,May,Fleis,1977-11-29,0,StudentIn,Oberoesterreich
907,Elicia,Cortes,1983-12-22,0,Lehrpersonal,Tirol
908,Grazia,Mammatt,1954-12-19,1,Lehrpersonal,Burgenland
909,Gail,Siviter,1984-08-13,1,Lehrpersonal,Niederoesterreich
910,Astra,Kuhne,1994-09-14,1,Lehrpersonal,Wien
911,Ive,Sydes,1985-03-16,1,Lehrpersonal,Steiermark
912,Chery,De Vere,1962-09-02,1,StudentIn,Tirol
913,Elli,Behnen,1973-10-09,0,StudentIn,Burgenland
914,Melinda,Cush,1965-08-24,1,Beides,Steiermark
915,Terrell,Cogman,1983-10-29,0,StudentIn,Burgenland
916,Nickola,Braddon,1968-02-17,0,Beides,Niederoesterreich
917,Kaleena,Tibalt,1984-11-28,1,StudentIn,Wien
918,Lynnette,Flood,1992-09-01,1,Lehrpersonal,Oberoesterreich
919,Lotty,Tillyer,1991-04-29,0,Lehrpersonal,Burgenland
920,Wylie,Clurow,1992-06-18,1,Beides,Kaernten
921,Dore,Dallywater,1972-03-04,1,Beides,Wien
922,Matilde,Lindeboom,1968-04-04,0,StudentIn,Kaernten
923,Mikaela,McKinnon,1988-03-24,1,Lehrpersonal,Tirol
924,Elfreda,Southwell,1959-05-30,1,StudentIn,Burgenland
925,Karilynn,Denys,1987-07-21,0,StudentIn,Tirol
926,Moses,Klarzynski,1974-08-17,0,Beides,Oberoesterreich
927,Osborne,Killen,1963-11-28,1,Beides,Steiermark
928,Cathee,Cratchley,1996-08-01,0,Beides,Steiermark
929,Bev,Tancock,1990-01-14,1,Lehrpersonal,Vorarlberg
930,Netta,Shulver,1995-12-23,1,Beides,Salzburg
931,Monro,Orto,1966-05-17,1,Beides,Tirol
932,Rab,Hilary,1967-09-10,1,Lehrpersonal,Steiermark
933,Chery,Maffucci,1993-07-24,0,Lehrpersonal,Burgenland
934,Giana,Regardsoe,1970-07-27,0,Lehrpersonal,Vorarlberg
935,Bobinette,O'Bradain,1979-10-02,1,Lehrpersonal,Steiermark
936,Luther,Hendriksen,1989-07-21,1,Beides,Kaernten
937,Jemie,Takis,1984-01-12,0,Lehrpersonal,Tirol
938,Freida,Gratrix,1972-10-21,0,Lehrpersonal,Wien
939,Rosmunda,Perford,1956-04-30,0,Lehrpersonal,Tirol
940,Maris,Howgego,1981-06-15,0,Beides,Kaernten
941,Colline,Stampe,1973-04-17,1,Lehrpersonal,Burgenland
942,Vivian,Yitzhakof,1965-12-09,0,Lehrpersonal,Burgenland
943,Bertie,Collip,1980-09-03,0,Lehrpersonal,Oberoesterreich
944,Arlyne,Joselson,1957-11-09,0,Lehrpersonal,Oberoesterreich
945,Flem,Flynn,1996-12-15,1,StudentIn,Kaernten
946,Findlay,Bates,1990-06-30,0,Beides,Wien
947,Gery,Caddock,1967-06-05,1,StudentIn,Burgenland
948,Maurine,Inderwick,1992-09-21,1,Beides,Steiermark
949,Thomas,Kighly,1966-10-10,1,Beides,Tirol
950,Clarine,Dallemore,1985-02-06,1,Beides,Kaernten
951,Sid,Dalmon,1975-11-21,0,StudentIn,Wien
952,Rodolfo,Niccolls,1980-11-16,0,Beides,Vorarlberg
953,Cob,Laundon,1957-05-27,0,StudentIn,Steiermark
954,Grenville,Wardell,1955-03-27,0,Beides,Niederoesterreich
955,Stefanie,Jacobovitch,1994-11-08,1,StudentIn,Vorarlberg
956,Arlee,Semper,1986-02-12,1,Beides,Steiermark
957,Min,Gullivan,1996-01-21,1,Beides,Salzburg
958,Danella,Cadagan,1989-09-26,1,Beides,Kaernten
959,Amelina,Yielding,1977-12-16,1,Lehrpersonal,Salzburg
960,Kirk,Wynter,1969-07-24,0,Lehrpersonal,Vorarlberg
961,Fifi,Lamcken,1954-09-23,1,Lehrpersonal,Steiermark
962,Darcey,Warrington,1964-06-20,0,Beides,Wien
963,Adamo,Zoephel,1954-12-21,1,StudentIn,Salzburg
964,Ingeberg,Wasmer,1971-06-12,1,Beides,Wien
965,Zenia,Grece,1965-03-01,1,Lehrpersonal,Burgenland
966,Anna-diana,Stiling,1957-02-16,0,Lehrpersonal,Salzburg
967,Sally,Bridgewood,1967-03-25,0,Beides,Niederoesterreich
968,Arden,Heggadon,1965-02-09,1,StudentIn,Vorarlberg
969,Raffaello,de Tocqueville,1986-01-19,1,Lehrpersonal,Burgenland
970,Hanny,Dunk,1973-11-24,0,Beides,Steiermark
971,Emlynne,Abbatini,1966-11-20,0,Lehrpersonal,Vorarlberg
972,Joanne,Behrend,1988-04-19,0,StudentIn,Wien
973,Nikolos,Haton,1989-12-01,1,Beides,Vorarlberg
974,Trudie,Batha,1996-01-01,1,Lehrpersonal,Burgenland
975,Tore,Fennelow,1990-06-07,1,Lehrpersonal,Wien
976,Benedict,Du Plantier,1978-11-27,0,Lehrpersonal,Salzburg
977,Susette,Collis,1987-04-14,0,StudentIn,Steiermark
978,Leonid,Reinard,1993-11-02,0,Beides,Vorarlberg
979,Sukey,Mowling,1978-12-12,1,Beides,Steiermark
980,Josefina,Shovelin,1990-10-08,0,Lehrpersonal,Wien
981,Chery,Ioselevich,1958-11-25,0,StudentIn,Vorarlberg
982,Bobine,Kittel,1992-11-11,0,StudentIn,Steiermark
983,Madlen,Petrasch,1963-12-14,0,Lehrpersonal,Wien
984,Guinna,Bediss,1959-01-01,0,StudentIn,Wien
985,Jobey,Trevino,1973-12-27,1,Lehrpersonal,Niederoesterreich
986,Skipper,Brimson,1959-01-26,1,Lehrpersonal,Oberoesterreich
987,Almira,Beisley,1961-11-16,0,Beides,Tirol
988,Poul,Vankin,1987-03-08,0,Beides,Oberoesterreich
989,Fionnula,Winchester,1961-12-31,1,StudentIn,Wien
990,Dode,Fidgeon,1980-08-26,1,Lehrpersonal,Kaernten
991,Jorey,Simonard,1960-12-26,0,Beides,Oberoesterreich
992,Daryl,Megarry,1990-05-05,0,Lehrpersonal,Steiermark
993,Elijah,Worshall,1982-03-13,0,Lehrpersonal,Burgenland
994,Dieter,Laurenceau,1957-11-01,1,Beides,Niederoesterreich
995,Lizzy,Bedson,1956-10-12,0,StudentIn,Burgenland
996,Verne,Wilkenson,1989-03-22,0,Lehrpersonal,Burgenland
997,Sondra,Hradsky,1979-11-12,0,StudentIn,Wien
998,Dunstan,Holdforth,1976-06-29,0,Lehrpersonal,Oberoesterreich
999,Eamon,Sturm,1972-03-24,0,StudentIn,Steiermark
1000,Selby,Kryska,1969-10-17,0,StudentIn,Kaernten
