PersonenID,PersonenNr,Vorname,Nachname,GebDat,gender,Art
1,2237,Mead,Beament,26/03/1994,Agender,Beides
2,67385,Diego,Drinan,29/06/1990,Polygender,StudentIn
3,92336,Jeffry,Klaus,23/09/1989,Bigender,Lehrpersonal
4,12,Barry,Freiburger,20/12/1993,Female,StudentIn
5,7994,Jackqueline,Rudwell,17/08/1998,Genderfluid,Lehrpersonal
6,6364,Dimitri,Gartside,29/08/1997,Polygender,Beides
7,588,Cecil,Teall,30/04/1996,Female,Beides
8,0851,Lars,Schapero,21/06/1989,Female,Beides
9,551,Margarethe,Vanyashin,07/09/1996,Male,StudentIn
10,320,Sadella,Tomsa,05/12/1988,Polygender,Beides
11,05522,Nonie,Godfrey,08/04/1996,Female,Beides
12,3,Raeann,McLenaghan,25/06/1996,Non-binary,Beides
13,1791,Chelsea,Goodlake,09/09/1989,Genderfluid,Beides
14,9,Nady,Antoshin,23/02/1990,Female,Beides
15,42023,Hermione,Stobbart,20/01/1987,Male,StudentIn
16,45914,Lindsey,Godfrey,08/04/1996,Genderqueer,StudentIn
17,58015,Teodoor,Stickels,27/06/1986,Bigender,Lehrpersonal
18,7669,Taite,Bagster,21/11/1988,Genderqueer,Beides
19,309,Basile,Minnis,29/04/1998,Bigender,StudentIn
20,2,Galvan,Bathersby,24/02/1994,Genderfluid,Lehrpersonal
21,4,Vladamir,Tegeller,09/12/1987,Bigender,StudentIn
22,6,Toiboid,Lettson,22/08/1993,Genderfluid,Beides
23,87726,Mariska,Stanger,10/10/1990,Agender,Beides
24,20,Jermain,Eddison,27/08/1997,Bigender,StudentIn
25,3542,Yvette,Arunowicz,28/06/1998,Male,Lehrpersonal
26,409,Drud,Merigeau,05/05/1991,Non-binary,StudentIn
27,7,Maudie,Zucker,01/08/1990,Genderqueer,Beides
28,5398,Karim,Deacock,12/11/1991,Bigender,Beides
29,622,Bram,Penhallurick,06/07/1985,Genderfluid,Beides
30,4064,Thedric,Ainsley,10/07/1996,Genderqueer,StudentIn
31,3930,Raychel,Klinck,04/05/1996,Male,Beides
32,63,Marlowe,Sicha,18/09/1996,Female,StudentIn
33,4,Giustina,Bodechon,26/02/1994,Female,Lehrpersonal
34,77,Liz,Shorte,29/10/1996,Female,Lehrpersonal
35,63,Brockie,Tuppeny,23/03/1995,Polygender,Beides
36,9,Kym,Camillo,26/08/1985,Female,StudentIn
37,443,Analiese,Zipsell,19/08/1997,Polygender,Lehrpersonal
38,84,Boycey,Itzik,20/01/1997,Genderfluid,StudentIn
39,99,Demetris,Baake,18/06/1986,Bigender,Lehrpersonal
40,437,Clementine,Pasmore,23/11/1994,Genderfluid,StudentIn
41,8652,Raychel,Matous,17/05/1989,Agender,StudentIn
42,4,Roderic,Kavanagh,13/05/1987,Polygender,Beides
43,17,Gabrila,Oldaker,22/04/1986,Agender,Lehrpersonal
44,30165,Jeannine,Conway,24/03/1988,Male,Lehrpersonal
45,1765,Cleopatra,Ethersey,10/09/1986,Male,Lehrpersonal
46,7,Pauli,Maso,10/04/1999,Polygender,Lehrpersonal
47,72750,Teri,Lamers,17/05/1998,Male,Lehrpersonal
48,653,Norri,Fantini,24/02/1992,Non-binary,StudentIn
49,306,Michell,Loxly,22/02/1993,Female,StudentIn
50,597,George,Meffan,08/04/1992,Polygender,StudentIn
51,98,Odilia,Crombie,22/03/1999,Genderfluid,Lehrpersonal
52,7519,Elspeth,Okenden,12/01/1988,Genderqueer,Lehrpersonal
53,1551,Barrie,Herity,08/10/1998,Non-binary,Beides
54,19533,Gabbie,Monnelly,20/08/1985,Bigender,StudentIn
55,35205,Armin,Beranek,08/01/1993,Non-binary,Lehrpersonal
56,9990,Elli,Ledner,23/08/1993,Male,StudentIn
57,591,Cordey,Beetham,25/09/1985,Genderqueer,Lehrpersonal
58,23736,Bonny,Union,25/07/1993,Bigender,Beides
59,9,Billie,Cleiment,26/12/1991,Female,Beides
60,00839,Chloette,Yuill,28/10/1997,Genderqueer,StudentIn
61,20,Cahra,Davidou,23/03/1997,Female,Lehrpersonal
62,31181,Gardiner,Ceschi,17/05/1999,Bigender,Lehrpersonal
63,287,Zonnya,Benet,02/01/1991,Male,StudentIn
64,22912,Gianna,Sakins,14/01/1988,Female,Beides
65,359,Sharleen,Dewerson,24/09/1989,Female,Beides
66,48,Kennith,Enrrico,25/09/1989,Agender,Lehrpersonal
67,3443,Raddie,Burdas,06/07/1993,Polygender,Beides
68,9,Beilul,Labusquiere,12/04/1991,Male,Lehrpersonal
69,6,Stephie,Ranner,18/01/1986,Bigender,Lehrpersonal
70,9608,Chilton,Cotton,18/01/1986,Polygender,Lehrpersonal
71,244,Lula,Casoni,04/06/1994,Genderfluid,StudentIn
72,178,Heidi,Sheahan,19/07/1995,Female,Beides
73,5740,Donetta,Poleykett,26/01/1994,Non-binary,Lehrpersonal
74,831,Christian,Faircliffe,26/10/1986,Genderfluid,Beides
75,017,Binny,Sibborn,16/06/1997,Female,Beides
76,19238,Cristen,McCullagh,23/10/1989,Non-binary,Beides
77,3,Rhianon,Ferres,28/08/1988,Genderfluid,Beides
78,27544,Tristan,Delgardillo,25/03/1992,Genderfluid,Beides
79,96,Maury,Kerfoot,20/08/1995,Bigender,StudentIn
80,4739,Quintina,De Witt,06/12/1991,Polygender,Beides
81,6788,Ken,Thay,04/03/1995,Polygender,Beides
82,60,Cassandre,Grzegorek,13/02/1995,Agender,StudentIn
83,7,Dian,Harragin,08/08/1997,Agender,Lehrpersonal
84,21380,Sayers,Pretley,11/02/1999,Agender,StudentIn
85,842,Delmor,Brocket,30/05/1986,Bigender,Lehrpersonal
86,92171,Glenna,Pedwell,27/03/1990,Genderfluid,Beides
87,89,Frederique,Casaro,04/07/1990,Polygender,StudentIn
88,0180,Portia,Albasiny,27/04/1990,Bigender,Beides
89,4,Aguistin,Lammerding,23/06/1997,Genderqueer,Lehrpersonal
90,2755,Freida,Baglow,30/08/1995,Polygender,StudentIn
91,67,Drona,Mewitt,03/03/1990,Non-binary,Beides
92,1,Claire,Coytes,07/01/1991,Genderfluid,Lehrpersonal
93,41803,Ailene,Duffin,03/04/1991,Polygender,Lehrpersonal
94,43169,Nicolette,Gleave,30/06/1993,Genderfluid,Lehrpersonal
95,322,Carmel,McPhilemy,09/12/1992,Genderqueer,Beides
96,9,Maryrose,Hartzogs,18/04/1986,Genderqueer,Beides
97,562,Adele,Pealing,17/03/1987,Bigender,StudentIn
98,2,Amye,Pavolillo,23/06/1987,Bigender,Beides
99,0,Morry,Edling,25/09/1997,Bigender,StudentIn
100,32994,Parsifal,Emeney,30/09/1988,Male,StudentIn
101,025,Appolonia,Appleford,26/03/1992,Genderfluid,Lehrpersonal
102,38,Issie,Vasilik,27/01/1995,Female,Beides
103,34,Loren,Magarrell,19/09/1994,Male,StudentIn
104,2800,Marian,Zapatero,16/08/1997,Bigender,StudentIn
105,5,Ransom,Mitchelmore,05/11/1987,Genderqueer,Beides
106,6928,Dasie,Whotton,09/02/1990,Polygender,Beides
107,20147,Barnett,Everit,14/03/1994,Agender,Lehrpersonal
108,550,Edi,Waples,17/03/1992,Polygender,Lehrpersonal
109,73,Norrie,Labroue,17/11/1990,Female,StudentIn
110,411,Dallis,Gommery,20/01/1991,Non-binary,Lehrpersonal
111,7,Hewie,July,26/10/1989,Genderqueer,Lehrpersonal
112,0595,Coriss,Ferschke,19/08/1992,Polygender,Lehrpersonal
113,883,Garrik,Dugan,09/10/1991,Female,Lehrpersonal
114,40,Abbott,Guiver,28/11/1997,Polygender,StudentIn
115,6,Neila,Mitchel,18/08/1994,Agender,Beides
116,25,Caroljean,D'Aulby,27/10/1988,Bigender,Lehrpersonal
117,028,Mal,Juszczak,21/04/1996,Agender,Beides
118,090,Jo-anne,Fransseni,29/08/1997,Genderqueer,StudentIn
119,23,Clovis,Wiskar,04/02/1990,Non-binary,Lehrpersonal
120,81,Rozella,Crevy,02/07/1991,Genderfluid,StudentIn
121,8926,Noel,Quernel,28/06/1989,Genderfluid,Beides
122,22634,Gustavus,McLeod,29/11/1990,Polygender,Lehrpersonal
123,2,Rene,Tuddall,22/10/1992,Polygender,Beides
124,938,Alanson,Brame,01/01/1990,Genderfluid,StudentIn
125,85,Timotheus,Greetham,13/09/1994,Bigender,StudentIn
126,05080,Waring,Loveredge,19/03/1992,Male,Lehrpersonal
127,320,Mile,Crisell,23/02/1993,Genderfluid,StudentIn
128,00289,Sam,le Keux,01/11/1996,Genderqueer,Lehrpersonal
129,510,Lewiss,Kettley,14/10/1998,Non-binary,Beides
130,9620,Janka,Taveriner,25/07/1989,Non-binary,Lehrpersonal
131,78273,Maryanne,Cotty,12/03/1987,Genderfluid,StudentIn
132,3,Kordula,Riden,07/07/1985,Male,Beides
133,23438,Gare,Titcom,12/09/1996,Genderfluid,Beides
134,987,Elsi,Dafter,17/03/1993,Female,Lehrpersonal
135,27474,Ashby,Mawford,22/01/1992,Male,Lehrpersonal
136,375,Shoshanna,Ziemsen,25/10/1997,Genderfluid,Lehrpersonal
137,591,Lefty,Attoc,07/10/1991,Bigender,Lehrpersonal
138,048,Henderson,Joint,27/08/1992,Genderfluid,StudentIn
139,507,Averyl,Gilkes,26/05/1987,Genderqueer,StudentIn
140,95390,Alayne,Wharby,20/12/1997,Agender,StudentIn
141,922,Josephina,Izard,23/09/1993,Male,Lehrpersonal
142,26,Dur,Regelous,31/10/1990,Male,StudentIn
143,32,Alyce,Henker,01/05/1998,Genderqueer,StudentIn
144,576,Saunder,Nind,20/09/1997,Genderfluid,StudentIn
145,05,Addison,Moatt,11/02/1996,Male,StudentIn
146,6969,Nertie,Pozzi,18/04/1989,Non-binary,Lehrpersonal
147,57172,Terza,Grinstead,01/12/1993,Polygender,Lehrpersonal
148,33,Bruis,Sapshed,20/08/1993,Genderfluid,Lehrpersonal
149,87,Peyter,Mulvaney,26/08/1992,Non-binary,Beides
150,9720,Page,Kilfedder,31/12/1985,Polygender,StudentIn
151,93678,Kirsten,Crispe,03/03/1993,Agender,StudentIn
152,7,Madalyn,Vearncombe,07/12/1994,Polygender,Lehrpersonal
153,66,Royall,Fedder,11/11/1997,Agender,Lehrpersonal
154,7661,Sutton,Bessent,19/04/1998,Polygender,Lehrpersonal
155,3,Ker,Cutforth,12/12/1995,Bigender,Beides
156,530,Magdalen,Seage,09/06/1992,Bigender,Lehrpersonal
157,541,Coral,Januszewicz,04/01/1988,Non-binary,Beides
158,1888,Hedvig,Eveque,22/05/1989,Non-binary,Beides
159,89,Jess,Farrow,23/08/1994,Male,StudentIn
160,93,Artus,Sawyer,05/01/1999,Male,Lehrpersonal
161,5,Benedicta,Selbach,18/07/1989,Agender,StudentIn
162,59,Harlene,Kwietek,16/07/1989,Agender,Lehrpersonal
163,2414,Ardine,Gadney,25/03/1997,Female,Beides
164,045,Rowan,Delmage,13/11/1992,Agender,Beides
165,8,Skyler,Gimert,02/08/1996,Non-binary,Beides
166,1,Aurel,Petrushkevich,14/01/1992,Genderfluid,Lehrpersonal
167,1,Symon,Waszkiewicz,12/03/1998,Genderfluid,Lehrpersonal
168,4,Raimund,Bettaney,10/01/1998,Agender,Lehrpersonal
169,5,Zarah,Collen,31/01/1995,Male,Lehrpersonal
170,458,Vania,Klewi,09/02/1998,Polygender,Lehrpersonal
171,45499,Cy,Elis,28/02/1987,Genderqueer,Beides
172,7,Catlee,Daveley,30/06/1996,Genderqueer,Beides
173,71566,Charlton,Quare,13/01/1991,Bigender,Beides
174,3,Jaime,Cosgrive,05/12/1985,Genderqueer,Lehrpersonal
175,401,Cassandry,Cubley,05/03/1994,Genderfluid,StudentIn
176,68,Tadd,Fettis,26/11/1986,Male,Lehrpersonal
177,10,Florette,Garcia,14/02/1994,Bigender,StudentIn
178,421,Mariska,Webb-Bowen,05/03/1997,Non-binary,StudentIn
179,210,Bobina,Grandham,12/11/1987,Agender,StudentIn
180,59294,Inger,Masdon,15/03/1993,Male,Lehrpersonal
181,817,Myrtie,Wharin,16/12/1995,Genderfluid,Beides
182,3479,Emlynne,Maisey,27/04/1989,Agender,Lehrpersonal
183,5754,Teresa,Fayerbrother,15/01/1995,Female,Lehrpersonal
184,50613,Feodora,Conroy,30/06/1989,Bigender,StudentIn
185,6049,Marleah,Keefe,03/09/1986,Female,StudentIn
186,92,Aldus,Satterfitt,24/02/1996,Genderfluid,Beides
187,12,Bevon,Grenkov,01/12/1991,Genderqueer,Lehrpersonal
188,1300,Dan,Shorten,20/11/1987,Agender,Lehrpersonal
189,2881,Margarette,Beggi,24/05/1998,Polygender,Lehrpersonal
190,6990,Niven,Morratt,19/11/1994,Female,Lehrpersonal
191,457,Marrissa,Dade,15/06/1998,Male,Lehrpersonal
192,6382,Davidson,Reed,20/09/1998,Agender,Lehrpersonal
193,2192,Betteanne,Burry,18/06/1986,Polygender,StudentIn
194,539,Abrahan,Giles,08/06/1987,Genderfluid,StudentIn
195,92655,Heidie,Yushin,26/03/1988,Genderqueer,Beides
196,86259,Blondell,Trubshaw,27/04/1988,Genderqueer,Beides
197,276,Nikki,Sawforde,07/11/1995,Female,Lehrpersonal
198,28591,Myriam,Caldecot,28/08/1994,Polygender,Lehrpersonal
199,9,Auberta,Koenraad,02/09/1989,Non-binary,StudentIn
200,76187,Burton,Felix,05/05/1988,Polygender,StudentIn
201,94,Phyllida,Sholem,10/11/1997,Male,StudentIn
202,06886,Ezri,Konzel,30/04/1986,Female,Lehrpersonal
203,48,Bancroft,Paulino,01/05/1996,Agender,StudentIn
204,42176,Celestine,Hammor,28/09/1987,Male,Beides
205,1,Antonina,Clabburn,30/09/1985,Bigender,Beides
206,530,Ruy,Bitterton,03/02/1993,Bigender,Lehrpersonal
207,47,Pall,Lamberti,02/02/1994,Genderqueer,Beides
208,70796,Mavra,Buten,30/09/1985,Polygender,StudentIn
209,5912,Shandra,Slowgrave,03/12/1990,Female,Lehrpersonal
210,4995,Veda,Robertsson,13/03/1998,Bigender,StudentIn
211,8893,Kiley,Lambotin,20/07/1998,Male,Lehrpersonal
212,929,Smith,Farnfield,21/03/1991,Female,StudentIn
213,0053,Wat,Borsay,18/06/1987,Male,StudentIn
214,5451,Sibylla,Mellsop,05/12/1998,Female,Beides
215,79,Louisette,Lynock,10/05/1986,Polygender,StudentIn
216,747,Lisha,Goodricke,30/01/1995,Genderqueer,Lehrpersonal
217,68601,Nomi,Pyrton,09/09/1994,Agender,Lehrpersonal
218,2268,Vanya,Lanyon,05/07/1987,Male,Lehrpersonal
219,100,Janice,Enriquez,30/04/1993,Male,StudentIn
220,1,Blanch,Philbrook,28/08/1998,Non-binary,Lehrpersonal
221,1703,Agneta,Matteo,26/02/1990,Agender,Beides
222,3,Morty,Vyel,09/08/1997,Genderqueer,Beides
223,7965,Tera,Lancett,14/06/1990,Non-binary,Beides
224,30,Fedora,Lidgard,03/01/1998,Polygender,Lehrpersonal
225,2,Dolly,Squibe,30/06/1985,Non-binary,Beides
226,62952,Rockwell,Lawrance,30/10/1992,Bigender,Lehrpersonal
227,6,Damien,Rachuig,10/12/1987,Non-binary,Beides
228,68,Pennie,MacIllrick,19/08/1987,Bigender,Lehrpersonal
229,91679,Myrtia,Ygoe,06/04/1987,Bigender,StudentIn
230,6,Emmet,Matteuzzi,21/09/1992,Bigender,Beides
231,93,Tyne,Burghall,18/03/1994,Male,StudentIn
232,73215,Silva,Tweedlie,09/03/1989,Female,Lehrpersonal
233,0813,Eb,Fair,03/07/1991,Agender,StudentIn
234,540,Tonnie,Sleany,01/11/1987,Non-binary,Lehrpersonal
235,08,Timothy,Scruby,07/11/1992,Bigender,Lehrpersonal
236,6605,Leanora,Guerreiro,26/07/1986,Genderqueer,Lehrpersonal
237,7,Franni,Batho,24/04/1986,Bigender,Lehrpersonal
238,7607,Tessy,Childes,10/02/1994,Female,Lehrpersonal
239,2,Der,Bertlin,08/03/1995,Polygender,StudentIn
240,2048,Amalita,Choppin,03/03/1987,Genderfluid,StudentIn
241,736,Bethany,Byk,16/08/1993,Genderfluid,Lehrpersonal
242,2165,Jobi,Courson,13/07/1994,Polygender,StudentIn
243,3534,Naomi,Denton,07/08/1996,Polygender,Beides
244,30532,Keary,Yoxall,08/04/1992,Genderfluid,Beides
245,0875,Marlyn,Milksop,14/07/1995,Polygender,Lehrpersonal
246,9,Patric,Rosenblad,13/12/1986,Male,Beides
247,8574,Briant,Dax,14/01/1986,Bigender,Lehrpersonal
248,964,Aharon,Vanyashkin,26/12/1986,Genderfluid,Lehrpersonal
249,8,Joy,Kenwin,18/08/1994,Non-binary,StudentIn
250,478,Annice,Stollmeyer,06/11/1998,Male,Lehrpersonal
251,390,Edythe,Bride,28/01/1999,Bigender,Lehrpersonal
252,7036,Concordia,Skitt,03/04/1994,Genderqueer,Beides
253,78600,Martita,McKernan,24/03/1992,Genderfluid,Lehrpersonal
254,0,Carney,Grimsell,03/01/1990,Male,Beides
255,40748,Veronike,De Michele,07/08/1989,Female,Beides
256,58421,Vladimir,Vosse,18/07/1992,Polygender,Beides
257,2781,Maximilianus,Waterworth,20/11/1987,Genderqueer,StudentIn
258,6519,Bartholomew,D'Almeida,07/06/1995,Genderqueer,Beides
259,55,Edik,Berthe,05/11/1995,Male,Lehrpersonal
260,43025,Harland,Gosden,16/04/1995,Non-binary,StudentIn
261,646,Ivor,Dudmesh,16/08/1989,Polygender,StudentIn
262,9,Heida,Murtagh,25/03/1993,Agender,Lehrpersonal
263,26,Dimitry,Beever,30/10/1987,Agender,StudentIn
264,600,Adamo,Gilpillan,29/07/1994,Agender,Beides
265,81,Fernandina,Gilmore,13/02/1991,Non-binary,Lehrpersonal
266,59,Ryann,Petherick,13/01/1999,Male,StudentIn
267,09305,Alva,Tearle,13/01/1991,Bigender,StudentIn
268,8,Steven,Rosenvasser,10/09/1996,Female,Beides
269,2529,Cristal,Shankle,01/09/1988,Male,Beides
270,7305,Evie,Ashwell,05/06/1986,Polygender,Lehrpersonal
271,54917,Jaimie,Valentetti,09/08/1987,Bigender,Lehrpersonal
272,07,Jaymie,Buckthorpe,10/04/1995,Female,StudentIn
273,2,Sherwynd,Gerriessen,03/05/1988,Male,Beides
274,32291,Wren,Solland,15/08/1998,Polygender,Beides
275,9818,Lucas,Redfern,17/03/1991,Genderqueer,StudentIn
276,8,Donella,Foucard,02/12/1986,Genderfluid,StudentIn
277,0,Vanya,MacAulay,09/05/1994,Genderfluid,Beides
278,741,Oliy,Basden,28/02/1989,Non-binary,StudentIn
279,65352,Layney,Laurenson,18/05/1993,Bigender,StudentIn
280,574,Rodina,Wallage,22/01/1993,Genderqueer,StudentIn
281,116,Elijah,McGowran,20/06/1993,Polygender,StudentIn
282,6,Justino,Egginton,12/08/1992,Genderqueer,Beides
283,172,Muhammad,Antao,12/03/1998,Polygender,Lehrpersonal
284,26112,Donica,Gippes,02/09/1990,Non-binary,StudentIn
285,40947,Prudi,Demetr,21/05/1989,Bigender,StudentIn
286,248,Charlot,McDougall,27/04/1993,Genderfluid,StudentIn
287,4,Annamaria,Cirlos,24/11/1997,Male,StudentIn
288,86,Mary,Wear,08/02/1992,Bigender,Beides
289,86532,Orly,Draper,28/09/1990,Female,Beides
290,518,Alexei,Varvara,04/10/1989,Male,Beides
291,43550,Shandy,Pocklington,04/10/1995,Agender,Beides
292,2,Joannes,Paroni,02/01/1989,Genderfluid,Beides
293,01,Margette,McCurtain,23/08/1991,Genderqueer,StudentIn
294,76926,Federica,Tilling,04/01/1990,Male,Lehrpersonal
295,3,Neall,Byham,10/03/1991,Non-binary,Beides
296,250,Bank,Keary,05/11/1996,Genderfluid,StudentIn
297,49,Dion,Gawke,23/08/1987,Female,Lehrpersonal
298,1,Tressa,Emer,03/11/1995,Bigender,Beides
299,98527,Kev,Baldwin,22/11/1989,Agender,StudentIn
300,7599,Herve,Malling,21/12/1995,Non-binary,Beides
301,5,Felizio,Krimmer,18/07/1991,Agender,Lehrpersonal
302,028,Storm,Blasetti,07/09/1990,Polygender,StudentIn
303,83,Mason,Brokenshaw,24/11/1994,Genderqueer,Beides
304,7192,Milt,Dennett,05/04/1994,Agender,Lehrpersonal
305,2929,Julian,Olman,28/01/1993,Female,Lehrpersonal
306,5765,Gabrielle,Merryfield,20/08/1986,Bigender,Lehrpersonal
307,842,Christan,Kleinhaus,26/02/1990,Non-binary,Beides
308,04142,Tabby,Dixcee,30/03/1988,Agender,StudentIn
309,04,Emmalyn,Frood,13/11/1990,Agender,StudentIn
310,476,Dirk,Alesi,30/09/1985,Male,StudentIn
311,07,Ada,Langmaid,14/04/1988,Polygender,Beides
312,8,Olvan,Easdon,03/08/1992,Non-binary,StudentIn
313,341,Philbert,Caltera,29/11/1996,Genderfluid,Beides
314,2339,Elna,O'Duilleain,12/05/1999,Female,StudentIn
315,84215,Petronilla,Radmore,01/10/1994,Bigender,StudentIn
316,259,Dominique,Demcik,04/03/1990,Genderqueer,Beides
317,8229,Augustine,Dyers,28/05/1996,Agender,Lehrpersonal
318,29,Major,Rodd,29/12/1987,Bigender,Lehrpersonal
319,95,Andrew,Dacres,25/03/1998,Bigender,StudentIn
320,2066,Ganny,Goodie,04/09/1996,Genderqueer,StudentIn
321,75385,Harp,Salomon,20/05/1993,Bigender,StudentIn
322,05,Hermine,Stidever,04/10/1986,Bigender,Lehrpersonal
323,2896,Cody,Mc Dermid,18/02/1988,Genderfluid,Lehrpersonal
324,6568,Wendel,Yitzovicz,01/01/1991,Agender,StudentIn
325,97,Viola,Hover,16/06/1990,Agender,Lehrpersonal
326,990,Trumaine,Capell,12/07/1997,Bigender,Beides
327,190,Moselle,Esome,18/03/1997,Female,Lehrpersonal
328,2,Ernst,Jedrzejewicz,08/07/1990,Bigender,StudentIn
329,57249,Madelin,Eannetta,18/08/1988,Non-binary,Beides
330,7463,Ingar,Tanton,03/10/1993,Polygender,Beides
331,7,Caddric,O' Gara,26/07/1987,Male,StudentIn
332,59,Thayne,Harby,14/12/1989,Bigender,Lehrpersonal
333,28,Quincy,Januszewski,26/02/1987,Genderfluid,Beides
334,487,Sabrina,Quare,23/04/1987,Polygender,Lehrpersonal
335,0625,Clerkclaude,Keely,09/04/1994,Genderfluid,StudentIn
336,50043,Ethelind,Tasker,23/03/1994,Bigender,Beides
337,79627,Marc,Bierton,28/01/1998,Female,Lehrpersonal
338,66,Cob,Orrobin,03/12/1996,Bigender,Lehrpersonal
339,930,Teena,Bemlott,25/04/1994,Genderfluid,StudentIn
340,26,Verne,Warrilow,25/02/1998,Agender,Beides
341,175,Richard,Manchester,01/03/1998,Bigender,Beides
342,920,Lila,Duding,11/03/1997,Male,Beides
343,0,Benetta,Gardner,06/01/1992,Agender,Lehrpersonal
344,28,Remy,Avis,22/10/1991,Non-binary,Lehrpersonal
345,2570,Roseann,Jamme,13/10/1988,Polygender,StudentIn
346,9,Dorey,Hamal,04/07/1995,Female,StudentIn
347,48,Jeno,Clara,29/12/1989,Agender,StudentIn
348,25,Terrie,Heaney`,20/06/1995,Polygender,Beides
349,4686,Merline,D'Aubney,20/02/1989,Genderqueer,StudentIn
350,984,Frank,Cockson,22/11/1990,Female,StudentIn
351,9,Aleen,Rastall,02/09/1991,Polygender,StudentIn
352,68763,Werner,Gietz,26/03/1987,Non-binary,Beides
353,3012,Drucie,Sambeck,29/05/1996,Male,StudentIn
354,9513,Philly,Plaschke,14/07/1987,Genderfluid,Lehrpersonal
355,92640,Jordan,Ness,17/04/1989,Male,Beides
356,842,Guenevere,Sumshon,25/11/1989,Non-binary,Beides
357,082,Bastian,Martensen,01/06/1992,Genderqueer,Lehrpersonal
358,375,Shelly,McCheyne,30/11/1994,Genderqueer,Lehrpersonal
359,54,Rebekah,Florence,25/06/1988,Bigender,StudentIn
360,3504,Elwira,Astbury,17/02/1996,Non-binary,StudentIn
361,21848,Matty,Gantzer,15/06/1986,Female,StudentIn
362,25,Llywellyn,Crayker,26/10/1987,Genderqueer,StudentIn
363,17472,Grady,Laste,10/10/1988,Genderfluid,Beides
364,30369,Normand,Spragge,26/02/1993,Polygender,StudentIn
365,2498,Gianni,Jakoubec,26/12/1986,Agender,Beides
366,6,Janna,Munnery,07/06/1993,Genderfluid,Lehrpersonal
367,4,Perl,Darnell,03/09/1993,Non-binary,Lehrpersonal
368,83,Reamonn,Hasted,01/10/1998,Polygender,Beides
369,8476,Ebeneser,Lissemore,07/08/1993,Bigender,Lehrpersonal
370,90775,Arlinda,Bainton,31/12/1985,Female,Beides
371,712,Clarence,Dominelli,12/04/1986,Non-binary,Lehrpersonal
372,4968,Margie,Chapell,30/07/1996,Genderfluid,Lehrpersonal
373,805,Emmi,Ganny,17/01/1995,Non-binary,StudentIn
374,3350,Agna,Brion,19/05/1996,Polygender,StudentIn
375,1912,Joey,MacAlpin,22/03/1993,Female,StudentIn
376,42,Woody,Lyokhin,03/09/1998,Female,StudentIn
377,0,Juliana,Yoskowitz,21/04/1996,Agender,Beides
378,66759,Katina,Chevers,02/05/1990,Female,Beides
379,28,Pinchas,Ainge,25/08/1996,Bigender,Beides
380,60341,Eleanore,Androsik,29/08/1996,Agender,Lehrpersonal
381,39090,Oates,Matthesius,13/07/1992,Polygender,Beides
382,0,Morrie,Skillitt,25/05/1990,Bigender,Lehrpersonal
383,82,Kirsten,Gammett,23/12/1990,Agender,Lehrpersonal
384,863,Bobinette,Mackney,02/08/1986,Genderqueer,Beides
385,3,Morrie,Feake,14/12/1991,Genderqueer,Lehrpersonal
386,31,Jimmie,Messier,25/08/1986,Male,StudentIn
387,180,Chloris,Scandred,13/10/1987,Genderqueer,Beides
388,9731,Marcelle,Winkett,11/08/1995,Bigender,StudentIn
389,70674,Ase,Beer,20/12/1992,Genderfluid,StudentIn
390,5,Vita,O' Meara,15/04/1999,Polygender,Beides
391,14530,Ronalda,Wardlaw,03/07/1985,Polygender,Lehrpersonal
392,8,Cherry,Smithies,17/09/1996,Female,Beides
393,49,Rich,Luigi,22/05/1997,Female,StudentIn
394,39,Cornell,McAmish,04/04/1992,Female,Beides
395,90225,Sherman,Raftery,29/05/1986,Male,Beides
396,9,Wilek,Lockton,26/12/1991,Agender,Lehrpersonal
397,133,Sigfrid,Schellig,28/05/1996,Polygender,Lehrpersonal
398,736,Benetta,Vampouille,28/09/1989,Bigender,Lehrpersonal
399,39318,Natty,Jayume,15/07/1987,Female,Beides
400,3,Garvey,Raccio,11/05/1996,Female,Beides
401,8783,Hallsy,Tuckett,09/01/1995,Female,Lehrpersonal
402,3588,Vonni,Clutten,13/02/1998,Genderqueer,StudentIn
403,779,Andrew,MacGowing,04/01/1999,Non-binary,Beides
404,706,Kirby,Thing,15/08/1992,Male,StudentIn
405,557,Darryl,Patinkin,20/06/1992,Genderqueer,Beides
406,91,Darnell,Rosenberger,09/10/1989,Agender,Lehrpersonal
407,40,Cyrille,Miklem,22/07/1988,Male,Lehrpersonal
408,75287,Riva,Treace,03/12/1986,Genderfluid,StudentIn
409,884,Evonne,Thon,24/09/1997,Genderqueer,Lehrpersonal
410,777,Garvin,Nethercott,07/09/1992,Male,Lehrpersonal
411,99,Elsa,Tynnan,09/07/1991,Polygender,Lehrpersonal
412,0573,Sadella,Mingard,28/06/1998,Male,StudentIn
413,7,Constantia,Lawles,31/08/1995,Bigender,Beides
414,719,Lovell,Rathke,14/08/1987,Genderfluid,StudentIn
415,640,Papagena,Jone,24/03/1996,Polygender,StudentIn
416,21689,Julian,Layne,08/10/1995,Genderqueer,Lehrpersonal
417,1199,Kitti,Gavini,10/04/1986,Agender,StudentIn
418,19,Alanna,Stoop,13/04/1991,Agender,StudentIn
419,56,Bibbye,Bannon,26/11/1996,Agender,StudentIn
420,0875,Gerhardine,Toothill,24/09/1988,Genderfluid,Lehrpersonal
421,1175,Maryjo,Trowell,17/07/1993,Female,StudentIn
422,359,Elisabet,Ivetts,11/05/1993,Bigender,Lehrpersonal
423,4,Klemens,Lumbly,23/12/1996,Non-binary,Beides
424,3126,Penny,Frowd,18/06/1985,Polygender,Beides
425,7,Gelya,Guillou,21/09/1990,Non-binary,StudentIn
426,51,Gorden,Jope,02/09/1992,Male,Beides
427,25,Kimberli,Reay,21/12/1995,Genderfluid,Beides
428,4,Shoshanna,Ionn,06/02/1996,Female,Beides
429,462,Christabel,Cassedy,14/02/1990,Female,Beides
430,3418,Karen,Weben,12/12/1989,Genderfluid,Beides
431,9,Shelby,Dowden,04/01/1988,Agender,StudentIn
432,847,Kary,Atling,10/11/1994,Genderfluid,Beides
433,287,Freddy,Ruskin,23/04/1988,Bigender,StudentIn
434,6230,Lyndell,Gridley,27/03/1988,Genderqueer,Lehrpersonal
435,72951,Abraham,Cantos,26/02/1999,Genderfluid,StudentIn
436,7976,Madelyn,Ambroziak,05/04/1988,Non-binary,Lehrpersonal
437,07,Frans,Northgraves,26/05/1988,Non-binary,StudentIn
438,23,Agustin,Fancutt,25/06/1992,Male,StudentIn
439,913,Michaelina,Giocannoni,29/03/1989,Genderfluid,Beides
440,15,Lorettalorna,Wipper,08/03/1995,Female,Lehrpersonal
441,23062,Melony,Aizikovitch,23/09/1992,Non-binary,Lehrpersonal
442,433,Lanette,Youel,30/03/1998,Female,Beides
443,8346,Ignaz,Eberle,28/08/1988,Polygender,Beides
444,14626,John,Benes,11/01/1988,Polygender,Lehrpersonal
445,7,Hazlett,Salaman,05/08/1990,Male,StudentIn
446,39300,Min,Wintle,18/03/1995,Genderfluid,StudentIn
447,6,Renaud,Witherspoon,23/09/1997,Female,StudentIn
448,41,Sutherlan,McKue,03/06/1993,Bigender,Beides
449,99,Garner,Brower,30/10/1987,Non-binary,StudentIn
450,9,Barbi,Gallehock,08/02/1986,Non-binary,Lehrpersonal
451,084,Willie,Detoile,03/10/1998,Non-binary,StudentIn
452,6607,Junia,Hatterslay,13/07/1990,Genderfluid,StudentIn
453,26397,Bank,Allom,19/12/1985,Polygender,StudentIn
454,2213,Kim,Earey,14/01/1994,Bigender,Lehrpersonal
455,9,Drud,Wharlton,31/12/1992,Non-binary,Lehrpersonal
456,79,Alissa,Hallgalley,19/12/1998,Genderfluid,StudentIn
457,8,Tiebold,Gonsalvo,11/10/1992,Polygender,Lehrpersonal
458,44,Rozalie,Oxberry,03/03/1997,Non-binary,Lehrpersonal
459,25869,Danny,Lealle,31/07/1989,Non-binary,Lehrpersonal
460,32344,Konstance,Mish,01/02/1988,Genderfluid,StudentIn
461,5,Domenico,Pierucci,06/01/1996,Non-binary,Beides
462,94,Lucille,Walding,25/08/1989,Bigender,Lehrpersonal
463,61263,Doreen,Chritchley,16/07/1997,Agender,StudentIn
464,64,Karisa,Beake,22/07/1991,Polygender,Beides
465,8,Burg,Lamplough,03/08/1986,Genderfluid,Beides
466,513,Decca,O'Dowgaine,15/08/1991,Agender,StudentIn
467,5,Katti,Waeland,18/02/1990,Agender,Beides
468,8047,Saxe,Perkinson,25/06/1987,Genderfluid,StudentIn
469,449,Marlowe,Streetley,30/07/1992,Genderfluid,StudentIn
470,96843,Somerset,Broadley,18/03/1996,Male,StudentIn
471,703,Mari,Duxfield,11/02/1997,Bigender,Beides
472,846,Doretta,Wellbelove,14/05/1998,Agender,StudentIn
473,51,Leighton,Huggill,30/07/1986,Bigender,Lehrpersonal
474,13081,Cati,Tesimon,07/06/1991,Agender,StudentIn
475,1,Ash,Munnery,19/08/1995,Polygender,StudentIn
476,6,Yovonnda,Clausewitz,08/06/1999,Male,Lehrpersonal
477,46,Becka,D'Hooghe,06/03/1996,Female,StudentIn
478,9,Annabella,Callander,28/06/1998,Genderqueer,Beides
479,91,Templeton,Bulcock,13/12/1993,Agender,Beides
480,67679,Sterne,Kyndred,12/09/1986,Genderqueer,Beides
481,84,Grange,Caddick,24/03/1993,Genderfluid,Beides
482,314,Jude,Ridley,17/11/1996,Agender,Lehrpersonal
483,8,Madalyn,McOwen,15/12/1988,Agender,Beides
484,8,Mattie,Anneslie,11/08/1993,Genderfluid,Lehrpersonal
485,5,Merlina,Terrell,06/10/1996,Agender,Beides
486,1,Laney,Pavitt,03/03/1987,Polygender,Lehrpersonal
487,04315,Aurie,Langmaid,12/02/1988,Polygender,Beides
488,21,Con,Bosson,13/04/1989,Bigender,Lehrpersonal
489,5810,Mozes,Jeannequin,29/10/1994,Female,Lehrpersonal
490,3324,Irvin,Hiscoe,05/05/1994,Male,Lehrpersonal
491,119,Connie,Mercey,29/07/1993,Agender,Beides
492,94,Dene,Osinin,24/07/1988,Male,StudentIn
493,6,Felipa,Kirley,13/07/1996,Polygender,Beides
494,66205,Lucia,Parsley,27/11/1985,Polygender,StudentIn
495,0502,Roze,Fairweather,26/08/1993,Polygender,Lehrpersonal
496,71,Lindy,Croyser,28/12/1998,Non-binary,Beides
497,9722,Bebe,Dusey,13/09/1986,Non-binary,StudentIn
498,885,Borg,De la Perrelle,25/12/1991,Female,StudentIn
499,566,Stormi,Yeude,24/08/1987,Bigender,Beides
500,9929,Nicola,Hissie,17/09/1987,Genderfluid,Lehrpersonal
501,29622,Morganne,Kerridge,24/01/1999,Bigender,Beides
502,3,Fitz,Aartsen,30/06/1989,Female,Lehrpersonal
503,20492,Hobart,McKirton,04/07/1995,Genderqueer,Lehrpersonal
504,876,Lurleen,Landrick,12/12/1991,Non-binary,Beides
505,54,Harriett,Bernasek,27/11/1988,Polygender,StudentIn
506,131,Kelcey,Glossup,29/12/1996,Agender,Beides
507,325,Marin,Brinkman,16/08/1988,Genderfluid,Lehrpersonal
508,7,Averyl,Iglesias,30/05/1993,Genderfluid,Lehrpersonal
509,1,Lannie,Burner,31/10/1993,Bigender,Lehrpersonal
510,2358,Gavin,Stainson,30/03/1997,Non-binary,Beides
511,18,Hedda,Eldritt,15/03/1998,Polygender,StudentIn
512,810,Isabelita,Watters,30/04/1986,Male,StudentIn
513,38772,Germayne,Bulle,15/01/1995,Bigender,Beides
514,910,Annora,Filipiak,25/03/1988,Polygender,Beides
515,0818,Oona,Keaveney,16/01/1997,Bigender,StudentIn
516,0780,Elisha,Shemelt,19/04/1995,Male,Lehrpersonal
517,32,Emmey,Helix,02/02/1998,Bigender,Lehrpersonal
518,26,Darleen,Camoletto,18/02/1999,Male,Beides
519,561,Amelita,Dunphy,06/09/1998,Non-binary,Lehrpersonal
520,43630,Kevan,Twinning,04/05/1988,Polygender,StudentIn
521,5,Leelah,Curry,02/01/1999,Agender,StudentIn
522,6,Stearn,Gentreau,02/12/1998,Non-binary,Lehrpersonal
523,855,Israel,Chewter,08/03/1991,Female,Beides
524,620,Heidi,Sidary,30/07/1996,Female,Beides
525,07,Clarice,Piotr,01/08/1986,Agender,StudentIn
526,8,Kathrine,Dalglish,10/07/1990,Polygender,Lehrpersonal
527,8963,Talya,Laste,08/07/1992,Male,Lehrpersonal
528,0,Cairistiona,Pover,28/01/1999,Genderqueer,StudentIn
529,09,Kendall,Beckhouse,18/02/1995,Male,Lehrpersonal
530,7,Ritchie,Kingscott,11/02/1993,Male,Lehrpersonal
531,3,Lane,Weldrake,16/11/1985,Genderfluid,Lehrpersonal
532,81,Wit,Akaster,09/03/1997,Bigender,StudentIn
533,8059,Sherry,Wigelsworth,12/12/1995,Bigender,Lehrpersonal
534,67954,Kleon,Alkin,26/03/1991,Bigender,StudentIn
535,20434,Alistair,Oldale,01/02/1999,Polygender,StudentIn
536,21798,Loren,Fairnie,19/02/1987,Female,StudentIn
537,0,Grier,Maddicks,25/03/1989,Female,Lehrpersonal
538,542,Blanca,Cacacie,04/07/1989,Female,Beides
539,12,Tierney,Fitzsymons,05/03/1992,Genderqueer,Beides
540,95541,Harland,Scriven,22/12/1986,Genderfluid,Lehrpersonal
541,6,Leighton,Yetton,21/03/1994,Polygender,StudentIn
542,1730,Suzie,Hyam,08/09/1992,Polygender,Lehrpersonal
543,3445,Saundra,Yakubowicz,28/04/1994,Bigender,Lehrpersonal
544,54,Bearnard,Marsland,25/09/1990,Genderfluid,Beides
545,710,Viva,Pedgrift,25/03/1998,Female,Lehrpersonal
546,4,Niall,Hainge,11/05/1996,Bigender,Lehrpersonal
547,00,Davin,Van Der Weedenburg,17/01/1998,Genderfluid,Lehrpersonal
548,7407,Billy,Yeomans,14/01/1997,Polygender,Beides
549,69347,Zelig,Smeall,09/09/1987,Non-binary,Lehrpersonal
550,6566,Kordula,Gilburt,14/04/1991,Agender,StudentIn
551,65,Ann,Gaitley,12/01/1989,Non-binary,StudentIn
552,824,Xever,Prestige,28/05/1996,Female,Beides
553,2080,Joy,Stolworthy,05/10/1995,Genderqueer,Lehrpersonal
554,6960,Dukey,Griffey,09/04/1993,Female,StudentIn
555,96779,Aldwin,Jeaffreson,20/01/1989,Non-binary,Beides
556,00068,L;urette,Goold,12/09/1994,Male,Beides
557,46305,Tamera,Langlands,20/07/1988,Bigender,StudentIn
558,4,Rayna,O'Crowley,03/01/1991,Genderqueer,StudentIn
559,02,Morrie,Finey,12/04/1989,Genderqueer,Lehrpersonal
560,55291,Melinda,Radbone,07/01/1996,Genderfluid,Lehrpersonal
561,86,Emery,Pender,02/01/1990,Agender,Lehrpersonal
562,7,Cathrin,Cassin,20/03/1996,Female,StudentIn
563,063,Becca,World,31/08/1990,Genderqueer,Beides
564,980,Jacinta,Waulker,14/02/1986,Male,Lehrpersonal
565,36,Rodi,Gouda,19/02/1990,Polygender,Beides
566,253,Toni,Dilnot,01/02/1986,Male,Lehrpersonal
567,912,Scarlet,Speight,04/04/1998,Genderqueer,StudentIn
568,5377,Ajay,Vigietti,19/02/1997,Female,Beides
569,437,Mel,De Maria,23/10/1990,Genderfluid,StudentIn
570,1,Siusan,Edis,27/09/1991,Female,StudentIn
571,9,Daffi,Lerego,24/03/1994,Non-binary,Beides
572,35,Lonni,Fridlington,20/10/1993,Male,Lehrpersonal
573,9,Celestyna,Polycote,12/10/1987,Bigender,StudentIn
574,30751,Ginelle,Vasyaev,02/08/1990,Bigender,Beides
575,674,Ignazio,Spilisy,19/10/1992,Genderqueer,Lehrpersonal
576,5,Colver,Woolvin,09/11/1986,Male,Lehrpersonal
577,38888,Alfonse,Tumielli,15/01/1994,Genderqueer,StudentIn
578,9,Maible,Node,29/05/1987,Polygender,Beides
579,342,Aggie,Gilluley,25/12/1998,Non-binary,StudentIn
580,010,Keriann,Beharrell,10/03/1992,Genderfluid,Beides
581,39,Laryssa,Lukock,18/01/1990,Bigender,Lehrpersonal
582,08,Gale,Whitwham,11/12/1992,Female,Lehrpersonal
583,73358,Agustin,Fidell,16/11/1986,Genderfluid,Lehrpersonal
584,0167,Gnni,Scudamore,23/09/1995,Genderqueer,StudentIn
585,74,Ludovico,Kenewell,25/06/1998,Polygender,Beides
586,5,Bertie,Cereceres,19/12/1991,Female,StudentIn
587,9316,Rourke,Pighills,12/12/1988,Bigender,Beides
588,46,Celka,Davidovics,04/08/1998,Bigender,Lehrpersonal
589,8,Kristofer,Pyson,17/09/1985,Genderqueer,Beides
590,147,Abel,Lamshead,26/04/1994,Bigender,StudentIn
591,8370,Ray,Shorbrook,22/08/1997,Male,StudentIn
592,40,Chickie,Chisholm,02/05/1993,Genderqueer,StudentIn
593,57513,Julia,Izkoveski,03/05/1997,Bigender,Beides
594,5703,Dudley,Montfort,16/03/1993,Polygender,StudentIn
595,4,Shena,Boggas,04/12/1992,Bigender,Lehrpersonal
596,63706,Angelico,Horley,09/02/1990,Bigender,Lehrpersonal
597,9,Mathew,Murby,23/01/1989,Bigender,StudentIn
598,04,Merrily,Biffen,26/03/1994,Female,StudentIn
599,5152,Bernelle,Nicolson,12/02/1989,Female,Beides
600,4,Damara,Blanchard,29/03/1990,Genderfluid,Lehrpersonal
601,77245,Terri,Leverage,28/07/1985,Agender,Lehrpersonal
602,50395,Dacey,Eilhart,13/04/1999,Bigender,Beides
603,96,Ralina,Mayworth,20/11/1987,Bigender,StudentIn
604,6,Madison,Pay,01/04/1990,Non-binary,Lehrpersonal
605,28312,Nicki,Fincher,12/10/1997,Genderqueer,Lehrpersonal
606,6146,Martie,MacIntyre,12/06/1996,Male,Lehrpersonal
607,733,Rouvin,Fielder,25/03/1993,Female,Beides
608,7609,Rania,Steljes,08/08/1991,Genderqueer,Beides
609,82,Brandtr,Gambie,28/07/1997,Male,Lehrpersonal
610,92,Marielle,Broune,21/09/1985,Polygender,StudentIn
611,5,Kaitlin,Haney`,16/09/1992,Non-binary,StudentIn
612,16,Meyer,Juden,22/02/1988,Non-binary,StudentIn
613,54,Humfrid,Stembridge,11/09/1985,Genderfluid,Beides
614,5,Gibby,Haug,17/11/1986,Genderfluid,StudentIn
615,70,Seymour,Blayd,17/10/1989,Female,StudentIn
616,517,Clare,Halt,17/10/1993,Bigender,Beides
617,84,Hal,Hasel,21/09/1991,Non-binary,Beides
618,478,Milissent,McClaren,31/01/1988,Genderqueer,Lehrpersonal
619,56,Elva,Olphert,25/07/1985,Polygender,Beides
620,34272,Jess,Marte,27/01/1995,Non-binary,Beides
621,64938,Bryce,Collymore,25/12/1992,Polygender,Lehrpersonal
622,773,Millard,Landall,22/09/1990,Genderqueer,StudentIn
623,0340,Allene,Melliard,14/03/1992,Polygender,Lehrpersonal
624,6,Manny,Brooksbank,20/04/1992,Male,Beides
625,93026,Lonny,Thickin,24/10/1988,Male,Lehrpersonal
626,3,Sunshine,Stanlick,12/10/1994,Genderqueer,Lehrpersonal
627,09785,Dav,Spearing,02/03/1994,Polygender,Beides
628,98,Janet,Mechan,16/08/1998,Polygender,Beides
629,3,Sharl,Wreak,26/02/1988,Non-binary,StudentIn
630,42,Blinny,Heyworth,01/03/1998,Bigender,StudentIn
631,1,Robbert,Koba,26/09/1985,Non-binary,Beides
632,0,Candis,Sentance,22/09/1989,Genderfluid,Beides
633,15036,Rosabel,Paaso,29/11/1986,Bigender,Lehrpersonal
634,924,Hally,Texton,04/01/1992,Male,Lehrpersonal
635,3021,Miriam,Cainey,26/10/1989,Agender,StudentIn
636,9149,Thaxter,Gowrich,15/06/1992,Genderqueer,Lehrpersonal
637,4953,Kari,Ransfield,08/01/1994,Genderfluid,Beides
638,0,Darlene,Mathevet,25/08/1985,Male,StudentIn
639,37768,Gamaliel,Halgarth,16/01/1999,Male,Beides
640,273,Meris,Waight,07/02/1986,Female,Lehrpersonal
641,32,Mersey,Tigwell,24/04/1990,Non-binary,Lehrpersonal
642,90885,Mordy,Ferreri,17/04/1988,Agender,Beides
643,65,Alysia,Trank,09/07/1995,Female,Beides
644,37,Selma,Dacke,14/11/1998,Genderfluid,StudentIn
645,4270,Blinni,Souster,13/02/1997,Genderqueer,Beides
646,2,Frayda,Guerreau,03/08/1998,Agender,StudentIn
647,056,Conny,Hurford,21/03/1989,Bigender,Lehrpersonal
648,812,Adam,Gulleford,13/10/1990,Genderqueer,Lehrpersonal
649,6114,Cindie,Bussel,27/11/1990,Agender,Lehrpersonal
650,6953,Neda,Jenkyn,05/01/1991,Genderqueer,StudentIn
651,52,Edy,Pollicatt,23/07/1991,Non-binary,Beides
652,902,Pincas,Featherstone,23/12/1991,Male,Beides
653,74050,Panchito,Geist,17/09/1987,Bigender,Beides
654,7,Lillian,McClay,25/10/1987,Male,StudentIn
655,0,Jenny,Elsley,07/05/1990,Genderfluid,StudentIn
656,8317,Timotheus,Gerholz,23/06/1992,Polygender,StudentIn
657,541,Benita,Pandya,16/04/1997,Polygender,Beides
658,01839,Sidnee,Lober,24/09/1992,Bigender,StudentIn
659,411,Karney,Dronsfield,01/05/1999,Genderqueer,Lehrpersonal
660,779,Ignazio,Hanshaw,21/02/1992,Agender,Beides
661,5,Ebeneser,Sleit,11/10/1997,Genderfluid,StudentIn
662,53759,Eveleen,Giacobelli,25/10/1985,Non-binary,Beides
663,80246,Raquela,Despenser,31/05/1986,Agender,Beides
664,3362,Stacie,Scamadine,26/05/1999,Female,StudentIn
665,0,Dennison,Kincla,17/09/1992,Agender,StudentIn
666,03,Faythe,Andrivel,13/06/1998,Female,Beides
667,95,Flin,Sheran,23/01/1994,Non-binary,StudentIn
668,675,Chad,Russel,30/03/1999,Agender,Beides
669,0961,Herbert,Radbourne,12/03/1990,Male,Lehrpersonal
670,97335,Jack,Cristou,24/04/1993,Genderqueer,Beides
671,9,Edsel,Olsen,21/03/1990,Bigender,Lehrpersonal
672,26,Sharity,Etienne,14/06/1988,Non-binary,Lehrpersonal
673,98,Lyon,Bruce,14/03/1988,Agender,Lehrpersonal
674,49661,Irvine,Puddefoot,10/02/1994,Genderqueer,Lehrpersonal
675,688,Gisela,Scarratt,17/04/1999,Genderqueer,StudentIn
676,3,Dinny,Dowles,04/08/1992,Bigender,Beides
677,8015,Wilbert,Melloi,24/09/1989,Polygender,StudentIn
678,9,Kevin,Creevy,30/04/1994,Male,StudentIn
679,24608,Court,Heersema,16/07/1998,Agender,Lehrpersonal
680,53521,Geno,Inch,14/10/1985,Non-binary,StudentIn
681,4898,Joeann,Swinfen,04/09/1997,Agender,Beides
682,11151,Ortensia,Moy,07/07/1996,Bigender,Beides
683,9,Benjie,Clink,13/05/1994,Genderfluid,Lehrpersonal
684,760,Britni,O'Hannay,14/08/1997,Genderqueer,Beides
685,0276,Abram,Waber,25/10/1998,Female,Lehrpersonal
686,21,Ilario,Ducket,17/11/1987,Genderqueer,Beides
687,17195,Lucian,Lincke,18/06/1986,Male,Beides
688,377,Kendra,Lindores,22/04/1998,Polygender,StudentIn
689,4518,Sammie,Buffery,09/12/1995,Non-binary,StudentIn
690,2,Sidonnie,Erett,01/11/1996,Genderfluid,StudentIn
691,9,Sorcha,Lewisham,09/06/1995,Bigender,Lehrpersonal
692,95,Demetre,Samsworth,28/02/1992,Female,Beides
693,067,Rheta,Caines,01/06/1989,Female,StudentIn
694,6,Reeva,Millson,25/02/1989,Male,Lehrpersonal
695,279,Darn,Huttley,03/07/1994,Polygender,StudentIn
696,569,Layne,Kidsley,04/11/1989,Male,Beides
697,1771,Victoria,Jovic,05/10/1989,Non-binary,Lehrpersonal
698,2,Ashla,Crayke,18/09/1989,Genderfluid,Beides
699,8695,Rickie,Carme,12/05/1994,Genderqueer,StudentIn
700,5,Catrina,Othick,20/10/1989,Polygender,StudentIn
701,0,Haven,MacDuff,18/04/1996,Non-binary,StudentIn
702,84521,Cecil,Hallgath,03/03/1997,Polygender,StudentIn
703,01061,Jocko,Ponter,15/12/1996,Genderfluid,StudentIn
704,563,Eugene,Sponton,08/10/1990,Polygender,Beides
705,0,Christalle,Crocket,12/03/1987,Male,Beides
706,8950,Jacquelyn,Cornuau,23/05/1991,Genderqueer,StudentIn
707,83,Bette-ann,Drinkall,14/03/1986,Genderfluid,StudentIn
708,8,Felicity,Champney,10/09/1993,Non-binary,Beides
709,0,Alyse,Swyer,19/04/1987,Bigender,StudentIn
710,84417,Rance,Domenicone,03/06/1988,Male,Beides
711,9647,Paulo,Jesteco,29/10/1993,Female,Lehrpersonal
712,6,Buddie,Jowers,23/11/1991,Non-binary,Lehrpersonal
713,779,Elie,Daoust,05/04/1998,Genderqueer,Lehrpersonal
714,52582,Frieda,Wyke,23/03/1987,Non-binary,StudentIn
715,58,Olav,Coch,03/03/1986,Agender,StudentIn
716,72,Zed,Anlay,03/08/1986,Female,Lehrpersonal
717,0,Angelique,MacFarlane,07/06/1997,Bigender,Beides
718,76,Cyril,Dukelow,31/01/1995,Female,Beides
719,217,Roxana,Walklot,25/09/1990,Non-binary,Lehrpersonal
720,02344,Ladonna,Roseman,06/05/1991,Female,Lehrpersonal
721,349,Tommi,Erridge,29/12/1990,Non-binary,Lehrpersonal
722,9308,Hort,Stonebridge,28/08/1998,Male,Beides
723,211,Briggs,Bengefield,20/08/1991,Agender,Beides
724,3423,Jaquith,Piwell,08/01/1986,Genderfluid,Lehrpersonal
725,66624,Prescott,Milberry,19/08/1986,Agender,Beides
726,4366,Pavel,Castanie,26/03/1996,Female,Beides
727,2,Dasi,Cisland,27/11/1990,Polygender,Beides
728,1085,Bess,Jarnell,17/08/1995,Genderqueer,Lehrpersonal
729,14201,Lea,MacKinnon,23/07/1998,Agender,Beides
730,357,Ricardo,Sharma,14/01/1986,Male,Lehrpersonal
731,60981,Goraud,Rennard,03/05/1997,Non-binary,Lehrpersonal
732,31939,Francesca,Hache,14/09/1997,Female,Lehrpersonal
733,7,Elwira,Horrell,30/12/1998,Male,Beides
734,523,Arni,Brockley,18/07/1986,Bigender,Beides
735,1,Dall,Haggie,12/03/1988,Non-binary,StudentIn
736,42,Mignon,Massow,24/11/1997,Agender,Lehrpersonal
737,2,Pyotr,Emanuel,26/05/1999,Non-binary,Beides
738,7,Jeanne,Rummery,08/11/1986,Male,Lehrpersonal
739,0363,Nollie,Coniff,03/12/1985,Genderfluid,StudentIn
740,206,Anetta,Llopis,23/09/1994,Agender,Lehrpersonal
741,9421,Winthrop,Dybald,14/02/1995,Non-binary,Beides
742,3031,Amerigo,Benasik,16/08/1993,Bigender,Beides
743,1,Lorenza,Dunn,01/08/1998,Male,StudentIn
744,18411,Joyous,Donnett,15/02/1995,Polygender,Beides
745,2,Jennica,Holywell,11/07/1996,Genderfluid,Beides
746,66780,Kathlin,Cleaver,25/11/1985,Male,Lehrpersonal
747,1,Jarid,Noe,28/11/1985,Polygender,Beides
748,2,Stephana,Feighney,26/07/1997,Male,Lehrpersonal
749,67738,Gustavus,O'Donovan,16/08/1997,Genderqueer,Beides
750,9,Claire,Eouzan,01/12/1987,Non-binary,Lehrpersonal
751,3,Bail,Cannell,06/08/1994,Bigender,Beides
752,8,Orelee,Karpushkin,03/01/1993,Agender,StudentIn
753,0236,Gilbertine,Pelchat,02/11/1994,Polygender,Beides
754,1,Phylis,Libermore,18/11/1998,Female,StudentIn
755,5507,Allyn,Roft,19/04/1991,Male,Beides
756,55,Burr,Ormshaw,14/07/1991,Agender,StudentIn
757,7552,Haley,Causbey,01/07/1989,Male,Lehrpersonal
758,6,Tremayne,Ghiriardelli,20/11/1992,Non-binary,Beides
759,39434,Gray,Kimbly,03/05/1992,Genderqueer,Beides
760,0543,Yard,Caro,02/06/1986,Genderqueer,StudentIn
761,23899,Netti,Silly,02/08/1993,Polygender,StudentIn
762,67975,Darrin,Kimbury,02/12/1995,Genderfluid,Beides
763,14990,Andre,Worboy,12/02/1988,Bigender,Beides
764,95138,Fifi,Baltrushaitis,28/11/1997,Male,Lehrpersonal
765,86143,Margaretta,Bemand,28/03/1997,Male,Lehrpersonal
766,86,Javier,Benadette,27/12/1998,Female,Lehrpersonal
767,5199,Ingram,Wilbraham,04/11/1998,Agender,StudentIn
768,52175,Trey,Wheildon,04/06/1995,Male,Beides
769,7815,Jayme,Kingscott,27/03/1995,Genderqueer,Beides
770,3082,Tamra,Archdeckne,16/07/1992,Genderqueer,Lehrpersonal
771,231,Miltie,Prettejohns,05/06/1989,Bigender,Beides
772,53247,Randi,McGiveen,20/09/1985,Non-binary,StudentIn
773,04195,Theresa,Bahl,26/01/1990,Bigender,StudentIn
774,35,Bathsheba,Colliss,12/03/1992,Genderqueer,Lehrpersonal
775,07,Trev,Slowcock,26/03/1999,Female,Beides
776,3,Gunther,Pantone,12/10/1992,Agender,StudentIn
777,5,Dorine,Khadir,08/10/1994,Agender,Lehrpersonal
778,182,Hedvige,Staynes,22/12/1990,Bigender,StudentIn
779,31,Sammy,Giorgeschi,21/12/1991,Genderfluid,Beides
780,504,Claudian,Franklyn,04/11/1988,Agender,StudentIn
781,2547,Edward,Pinnion,24/01/1996,Female,Beides
782,9,Thebault,Bellany,11/03/1993,Agender,Beides
783,80421,Inga,Wraighte,28/04/1998,Genderqueer,StudentIn
784,647,Blair,Atkinson,01/05/1994,Non-binary,Beides
785,4341,Micaela,Sehorsch,17/10/1986,Non-binary,Lehrpersonal
786,4,Else,Gorrick,06/07/1986,Genderfluid,StudentIn
787,35,Eberhard,Krochmann,29/06/1996,Female,Lehrpersonal
788,7643,Atlanta,Remirez,17/11/1988,Male,StudentIn
789,3522,Ingar,Privost,15/02/1991,Agender,Beides
790,730,Rebeca,Syer,12/04/1990,Genderqueer,Lehrpersonal
791,71,Amberly,Iacovozzo,17/05/1994,Male,Lehrpersonal
792,80340,Emelda,Shafto,12/06/1995,Bigender,StudentIn
793,50,Bar,Rookwell,12/05/1998,Genderfluid,StudentIn
794,75085,Gerrie,Mocker,12/05/1992,Bigender,Lehrpersonal
795,548,Sondra,Dalrymple,22/11/1985,Agender,Beides
796,92,Willem,Merrington,21/03/1989,Genderqueer,Beides
797,520,Kort,Mothersole,06/07/1991,Non-binary,Lehrpersonal
798,68534,Wandie,Elvin,15/06/1986,Bigender,StudentIn
799,8,Lilith,Thurley,21/11/1995,Genderfluid,Beides
800,49780,Herbert,Neild,11/01/1989,Bigender,Beides
801,8,Sean,Cudiff,06/10/1996,Agender,Beides
802,9361,Lona,Ambrogi,30/07/1986,Polygender,StudentIn
803,321,Gabriello,Blood,22/05/1996,Genderqueer,StudentIn
804,807,Nicol,Danielkiewicz,13/01/1987,Bigender,StudentIn
805,9,Buffy,Packe,28/02/1997,Female,Lehrpersonal
806,405,Enid,Ivanishin,23/07/1998,Non-binary,StudentIn
807,689,Pinchas,Dawidman,13/08/1987,Bigender,Beides
808,54,Perrine,Hewins,04/07/1993,Non-binary,StudentIn
809,0633,Dulcinea,Gammell,23/12/1985,Genderqueer,StudentIn
810,0,Ekaterina,Toward,16/05/1991,Female,Beides
811,9,Sari,Newnham,07/05/1987,Polygender,Beides
812,1663,Nickie,O'Hanlon,25/08/1998,Bigender,Beides
813,605,Weider,Brooksbank,23/03/1989,Agender,Beides
814,81033,Zacharie,Purple,13/01/1986,Female,Lehrpersonal
815,479,Carmine,Norton,08/06/1997,Genderqueer,Beides
816,2804,Constancy,Roscher,03/03/1996,Non-binary,Lehrpersonal
817,06,Obediah,Jobes,18/06/1993,Agender,StudentIn
818,8,Aimil,Championnet,17/10/1992,Genderfluid,Lehrpersonal
819,4235,Bond,Croneen,24/03/1997,Male,Beides
820,2,Ludvig,Hiner,22/07/1990,Female,Lehrpersonal
821,509,Arlie,Milvarnie,17/04/1989,Female,StudentIn
822,89,Bekki,Kenningham,17/06/1987,Polygender,StudentIn
823,3,Roldan,Simek,04/06/1998,Non-binary,StudentIn
824,09639,Stormi,Purveys,12/11/1995,Bigender,Beides
825,49,Ricky,Rickesies,12/10/1989,Genderqueer,Beides
826,7252,Estele,Wreak,05/02/1991,Genderqueer,Lehrpersonal
827,0288,Udell,Crowth,07/01/1990,Polygender,Beides
828,67633,Sallee,Pharaoh,28/04/1999,Non-binary,Lehrpersonal
829,5224,Selinda,Norkett,26/10/1994,Bigender,Lehrpersonal
830,09,Casey,Braxton,11/05/1988,Agender,Beides
831,1,Joseito,Sherbourne,17/09/1998,Male,StudentIn
832,15038,Edin,Sparrow,22/02/1986,Non-binary,Lehrpersonal
833,91420,Arda,Wreakes,22/01/1998,Agender,Lehrpersonal
834,864,Julius,Newlove,17/10/1992,Male,Beides
835,6,Tiebold,Bilbrooke,24/09/1997,Male,Lehrpersonal
836,254,Ninnette,Bartolomucci,06/07/1991,Female,StudentIn
837,695,Essie,Redon,16/03/1989,Bigender,Lehrpersonal
838,08425,Emyle,Shoebridge,12/07/1986,Non-binary,Beides
839,7227,Blinnie,Filipson,22/07/1990,Genderqueer,Lehrpersonal
840,475,Kary,Antoniat,04/07/1998,Genderqueer,StudentIn
841,2,Chandra,Fauning,07/08/1985,Agender,StudentIn
842,1031,Jewelle,Monelle,27/06/1998,Polygender,Lehrpersonal
843,51120,Cobbie,Ainsbury,24/03/1995,Genderqueer,Lehrpersonal
844,74,Sydney,Matyatin,21/01/1989,Male,StudentIn
845,4,Carolina,Featherstone,06/12/1993,Polygender,Lehrpersonal
846,36,Denny,Gynni,17/04/1998,Genderqueer,StudentIn
847,1,Rania,Caistor,16/06/1998,Bigender,Beides
848,49598,Abram,Sivess,31/01/1997,Genderfluid,Lehrpersonal
849,1,Hazel,Venturoli,22/02/1986,Non-binary,StudentIn
850,2526,Edee,Guesford,13/06/1995,Bigender,Lehrpersonal
851,165,Osmund,Rentelll,16/09/1998,Genderfluid,Beides
852,9271,Conny,Havis,20/03/1987,Female,Lehrpersonal
853,6,Stuart,Garvagh,26/05/1993,Male,StudentIn
854,0,Marilee,Brunnen,22/05/1994,Male,Beides
855,765,Kathryne,Colling,14/10/1990,Bigender,Lehrpersonal
856,941,Ernestine,Shipway,12/11/1991,Genderqueer,StudentIn
857,30,Annabela,Holcroft,31/05/1989,Bigender,StudentIn
858,214,Silvie,Jobling,02/03/1997,Polygender,Lehrpersonal
859,4,Clarey,Churchward,26/04/1990,Agender,Lehrpersonal
860,4377,Karine,Giral,29/05/1996,Male,Beides
861,8108,Lammond,Bute,05/07/1992,Non-binary,Beides
862,7170,Rochelle,Eburne,24/12/1995,Genderfluid,Beides
863,97426,Kalli,Kobera,30/07/1986,Polygender,Beides
864,15850,Tiffany,Ansell,16/12/1987,Genderfluid,StudentIn
865,95,Sallyann,Tilsley,27/03/1988,Genderqueer,Lehrpersonal
866,5,Gizela,Dufoure,14/03/1992,Non-binary,Beides
867,5,Cynthie,Diboll,19/04/1988,Agender,StudentIn
868,28768,Erich,Teliga,22/05/1994,Bigender,StudentIn
869,361,Fey,Kilminster,30/12/1989,Male,StudentIn
870,26,Igor,Newing,06/07/1988,Genderfluid,Beides
871,154,Bond,Riordan,05/01/1989,Genderqueer,StudentIn
872,8212,Godfree,Rideout,12/04/1994,Polygender,Lehrpersonal
873,002,Rickie,Stowers,25/03/1998,Male,Lehrpersonal
874,541,Edgar,De Bruin,20/07/1986,Genderqueer,Lehrpersonal
875,890,Selig,Keatley,28/08/1994,Agender,StudentIn
876,21682,Davina,Kopelman,29/11/1998,Non-binary,Beides
877,83,Diahann,Lander,15/02/1991,Genderqueer,Lehrpersonal
878,18746,Maribel,Patkin,13/04/1996,Agender,Lehrpersonal
879,1070,Ursula,Lambden,01/11/1985,Non-binary,Lehrpersonal
880,631,Lorianne,Emerton,06/07/1996,Agender,Lehrpersonal
881,48487,Mortie,Condliffe,12/03/1986,Non-binary,StudentIn
882,28158,Lucius,Kuhnert,06/05/1989,Polygender,StudentIn
883,62,Jeffy,Greeveson,09/10/1987,Non-binary,Beides
884,0767,Melvyn,Hows,25/07/1990,Bigender,Lehrpersonal
885,08,Kellen,Mattusevich,07/08/1996,Bigender,Lehrpersonal
886,92,Lacee,Allen,19/01/1994,Male,StudentIn
887,9,Shem,Kennan,11/01/1997,Genderfluid,Lehrpersonal
888,2,Mahala,Peirazzi,24/04/1995,Agender,Lehrpersonal
889,8,Anni,Jerome,30/01/1999,Female,Beides
890,61926,Carlyle,Conrart,07/03/1989,Genderqueer,Lehrpersonal
891,5517,Emmy,McCorry,10/12/1993,Polygender,StudentIn
892,5304,Jessamine,Brosenius,22/05/1998,Male,Lehrpersonal
893,216,Reamonn,Sisey,25/12/1998,Non-binary,StudentIn
894,512,Sinclair,Chiverstone,21/02/1991,Male,StudentIn
895,97,Cyril,Blay,01/06/1991,Female,StudentIn
896,7298,Haley,Merrilees,17/09/1987,Male,Beides
897,1488,Carly,Davitt,06/10/1991,Bigender,Beides
898,425,Allegra,Winram,25/03/1986,Female,StudentIn
899,7,Ray,Candey,25/11/1987,Bigender,Beides
900,973,Tan,Karleman,22/07/1994,Female,Lehrpersonal
901,467,Hatty,Baptista,11/04/1988,Polygender,StudentIn
902,6,Brietta,Revington,07/12/1997,Agender,Beides
903,82376,Lilas,Ainsby,26/07/1990,Polygender,Lehrpersonal
904,0,Casper,Penwarden,06/11/1987,Polygender,StudentIn
905,4942,Annabel,Seger,30/09/1998,Agender,Lehrpersonal
906,96,Arabela,Knevett,23/04/1986,Female,Beides
907,537,Garry,Shoutt,28/04/1995,Non-binary,Beides
908,3,Louella,Orgen,05/11/1997,Genderqueer,Lehrpersonal
909,4,Mannie,Fairfoot,19/04/1986,Non-binary,StudentIn
910,67,Terra,Riepl,06/03/1995,Bigender,Beides
911,62,Adina,Barbe,30/12/1994,Genderfluid,Lehrpersonal
912,7445,Lemmy,Quittonden,19/04/1988,Polygender,Lehrpersonal
913,90,Bernadine,Aloshechkin,25/08/1994,Female,StudentIn
914,96,Nert,Kemmett,21/08/1985,Bigender,Beides
915,07,Shurlocke,Astbury,05/08/1989,Male,Beides
916,41204,Concordia,Rooper,26/07/1997,Male,Lehrpersonal
917,6,Marietta,McInally,31/01/1987,Bigender,StudentIn
918,8,Callida,Castellino,06/04/1995,Male,Lehrpersonal
919,98,Cull,Daye,03/03/1987,Genderqueer,StudentIn
920,7,Riki,Meakin,10/05/1997,Genderqueer,Lehrpersonal
921,4461,Aurelea,Estcot,17/09/1988,Genderqueer,StudentIn
922,1054,Hildegarde,Sigsworth,10/09/1986,Genderfluid,StudentIn
923,77,Netty,Anstis,22/03/1995,Non-binary,StudentIn
924,08,Orlando,Fromont,31/07/1996,Agender,Beides
925,04,Inga,Joderli,12/05/1986,Male,Lehrpersonal
926,446,Mil,Clerk,29/02/1992,Genderqueer,Lehrpersonal
927,8819,Vin,McManamon,11/01/1988,Bigender,StudentIn
928,124,Clevie,Leblanc,13/02/1996,Genderfluid,Lehrpersonal
929,84377,Cornie,Fantone,20/10/1992,Bigender,StudentIn
930,44092,Briny,Gawkes,07/10/1998,Non-binary,Beides
931,710,Teressa,Badman,20/11/1986,Genderfluid,Lehrpersonal
932,251,Dolley,Doeg,19/08/1986,Polygender,StudentIn
933,04960,Mariel,Peverell,29/04/1999,Female,Lehrpersonal
934,44,Cam,Pendall,19/03/1998,Male,StudentIn
935,03,Bartlett,Dengate,07/04/1993,Bigender,Lehrpersonal
936,91,Carree,Cammiemile,28/10/1991,Genderfluid,Lehrpersonal
937,8009,Arney,Ayris,23/11/1987,Male,StudentIn
938,874,Mayer,Dranfield,04/05/1992,Genderfluid,StudentIn
939,5,Terrence,McVee,20/02/1994,Polygender,Lehrpersonal
940,4,Kali,Ropartz,26/12/1993,Non-binary,StudentIn
941,46,Cheryl,Swainson,21/07/1993,Female,StudentIn
942,50489,Yorgos,O'Mannion,17/01/1988,Female,Lehrpersonal
943,8,Chrissy,Mahoney,26/08/1996,Female,StudentIn
944,38,Dewey,Cothey,19/05/1990,Genderfluid,StudentIn
945,8,Westleigh,Brewitt,05/02/1997,Genderfluid,Beides
946,3,Paige,Salzburger,12/02/1999,Male,StudentIn
947,381,Ali,Glason,13/02/1990,Non-binary,Beides
948,2,Abram,Rubroe,08/08/1990,Male,Lehrpersonal
949,11312,Kienan,Vear,16/01/1990,Female,Lehrpersonal
950,67514,Grete,Brice,26/05/1996,Male,Lehrpersonal
951,7,Aubry,McGeorge,01/06/1998,Polygender,StudentIn
952,4,Davine,Owens,05/10/1993,Female,Beides
953,81,Holly,Caller,26/07/1991,Male,StudentIn
954,63,Sunny,Cassar,23/07/1996,Genderfluid,StudentIn
955,5943,Aubry,Seilmann,23/11/1997,Genderqueer,StudentIn
956,7,Jeanine,Antoniewski,18/03/1995,Male,Lehrpersonal
957,479,Solomon,Lodeke,29/03/1993,Non-binary,StudentIn
958,0,Clementius,Jayume,29/03/1998,Genderfluid,StudentIn
959,36,Von,Cornbill,21/02/1995,Agender,StudentIn
960,33,Marge,Bault,23/11/1990,Bigender,Lehrpersonal
961,78,Karolina,Yarrington,02/11/1986,Non-binary,Lehrpersonal
962,50,Aime,Richfield,22/12/1996,Male,Beides
963,16,La verne,Eadie,11/12/1986,Bigender,Beides
964,11,Addy,Ivancevic,21/06/1988,Genderfluid,StudentIn
965,43439,Sapphire,Brando,25/01/1992,Bigender,Lehrpersonal
966,18,Georgette,Fanthom,30/12/1997,Non-binary,Beides
967,71865,Hadria,Abramovitz,04/02/1998,Non-binary,Lehrpersonal
968,9,Hattie,Aberdein,27/02/1998,Polygender,StudentIn
969,077,Consalve,Lashmore,25/02/1989,Female,Lehrpersonal
970,4,Evanne,Joriot,20/03/1988,Genderqueer,Beides
971,0,Ray,Giddens,21/12/1987,Non-binary,Lehrpersonal
972,987,Cathleen,Allsworth,17/08/1987,Bigender,StudentIn
973,05166,Laverne,Wrathmell,29/06/1994,Genderqueer,Lehrpersonal
974,1085,Wright,Prangle,13/02/1992,Non-binary,StudentIn
975,7115,Paten,Sumption,08/03/1998,Genderfluid,Lehrpersonal
976,91,Caralie,Fortun,18/06/1990,Male,Lehrpersonal
977,6377,Remus,Georgeau,23/09/1986,Male,StudentIn
978,0976,Livvie,Kenn,09/04/1988,Genderqueer,Beides
979,3429,Bryn,Gadie,19/07/1989,Non-binary,StudentIn
980,234,Angelique,Shalcras,21/01/1989,Non-binary,StudentIn
981,70398,Ainsley,Polle,05/09/1994,Agender,Beides
982,9809,Donall,Farans,08/05/1987,Genderfluid,Beides
983,34,Merle,Ebdin,05/10/1991,Genderfluid,Beides
984,19,Ariella,Charrett,03/03/1990,Genderfluid,StudentIn
985,6,Stanley,Silcox,08/02/1992,Polygender,StudentIn
986,9,Skipton,Gilbanks,11/10/1993,Agender,StudentIn
987,092,Collete,Spadeck,17/12/1998,Bigender,Lehrpersonal
988,4,Ninon,Ham,07/09/1992,Male,StudentIn
989,7,Gustav,Wetheril,19/05/1999,Bigender,StudentIn
990,83283,Daffi,O'Hartnett,18/05/1991,Female,Beides
991,56281,Tyrus,Luckhurst,06/05/1993,Bigender,StudentIn
992,25,Jeanine,Firmin,19/09/1987,Genderfluid,Lehrpersonal
993,0,Dietrich,Casswell,21/11/1994,Female,StudentIn
994,7645,Mill,Crossman,11/12/1986,Non-binary,Beides
995,97,Conrade,Geratasch,09/11/1993,Agender,StudentIn
996,185,Janot,Bickers,08/10/1988,Genderqueer,Beides
997,6850,Eward,Wimpress,26/06/1989,Female,Lehrpersonal
998,629,Spike,Ormistone,23/11/1995,Polygender,Beides
999,0163,Harlan,Craythorne,10/09/1993,Bigender,StudentIn
1000,5,Ceil,Center,15/09/1988,Agender,StudentIn
